Kevin De Bruyne,MCI,10.5,,Midfielder,"(MUN-A,NOR-H,AVL-A)","[Game vs. TOT A: 7 pts, Game vs. NEW H: 15 pts, Game vs. BOU H: 5 pts]",,,580,8.22999559772
Dimitri Payet,WHU,8.2,,Midfielder,"(CHE-H,WAT-A,EVE-H)","[Game vs. NOR H: 8 pts, Game vs. SUN A: 10 pts, Game vs. CRY A: 7 pts]",,,482,7.48905216049
Riyad Mahrez,LEI,6.5,,Midfielder,"(CRY-H,WBA-A,WAT-H)","[Game vs. ARS H: 2 pts, Game vs. NOR A: 0 pts, Game vs. SOU A: 4 pts]",100.0,100.0,163,7.11365230134
Alexis Sánchez,ARS,11.5,,Midfielder,"(EVE-H,SWA-A,TOT-H)","[Game vs. LEI A: 20 pts, Game vs. MUN H: 16 pts, Game vs. WAT A: 10 pts]",100.0,100.0,13,6.93813199639
Georginio Wijnaldum,NEW,6.9,,Midfielder,"(SUN-A,STK-H,BOU-A)","[Game vs. CHE H: 8 pts, Game vs. MCI A: 5 pts, Game vs. NOR H: 25 pts]",,,497,6.7953673107
Jamie Vardy,LEI,7.0,,Forward,"(CRY-H,WBA-A,WAT-H)","[Game vs. ARS H: 12 pts, Game vs. NOR A: 9 pts, Game vs. SOU A: 13 pts]",,,170,6.79489157323
Virgil van Dijk,SOU,5.5,,Defender,"(LIV-A,BOU-H,SUN-A)","[Game vs. SWA H: 10 pts, Game vs. CHE A: 2 pts, Game vs. LEI H: 9 pts]",,,586,6.60160809785
Graziano Pellè,SOU,8.4,,Forward,"(LIV-A,BOU-H,SUN-A)","[Game vs. SWA H: 8 pts, Game vs. CHE A: 14 pts, Game vs. LEI H: 2 pts]",100.0,100.0,321,6.21058112201
Petr Cech,ARS,5.6,,Goalkeeper,"(EVE-H,SWA-A,TOT-H)","[Game vs. LEI A: 2 pts, Game vs. MUN H: 7 pts, Game vs. WAT A: 6 pts]",,,3,5.82919870728
Héctor Bellerín,ARS,5.8,,Defender,"(EVE-H,SWA-A,TOT-H)","[Game vs. LEI A: 4 pts, Game vs. MUN H: 7 pts, Game vs. WAT A: 10 pts]",100.0,100.0,7,5.59573532633
Nacho Monreal,ARS,5.7,,Defender,"(EVE-H,SWA-A,TOT-H)","[Game vs. LEI A: 8 pts, Game vs. MUN H: 6 pts, Game vs. WAT A: 6 pts]",,,11,5.48462421522
Juan Mata,MUN,8.9,,Midfielder,"(MCI-H,CRY-A,WBA-H)","[Game vs. SUN H: 14 pts, Game vs. ARS A: 2 pts, Game vs. EVE A: 1 pts]",,,238,5.42681022877
Aleksandar Kolarov,MCI,6.1,,Defender,"(MUN-A,NOR-H,AVL-A)","[Game vs. TOT A: 0 pts, Game vs. NEW H: 2 pts, Game vs. BOU H: 0 pts]",0.0,100.0,207,5.40881108573
Mesut Özil,ARS,8.5,,Midfielder,"(EVE-H,SWA-A,TOT-H)","[Game vs. LEI A: 5 pts, Game vs. MUN H: 13 pts, Game vs. WAT A: 12 pts]",100.0,100.0,15,5.38257644084
André Ayew,SWA,7.2,,Midfielder,"(AVL-A,ARS-H,NOR-A)","[Game vs. SOU A: 2 pts, Game vs. TOT H: 9 pts, Game vs. STK H: 2 pts]",100.0,100.0,416,5.24869960266
Yohan Cabaye,CRY,6.6,,Midfielder,"(LEI-A,MUN-H,LIV-A)","[Game vs. WAT A: 9 pts, Game vs. WBA H: 14 pts, Game vs. WHU H: 9 pts]",100.0,100.0,491,5.24648625846
Romelu Lukaku,EVE,8.4,,Forward,"(ARS-A,SUN-H,WHU-A)","[Game vs. WBA A: 16 pts, Game vs. LIV H: 7 pts, Game vs. MUN H: 1 pts]",100.0,100.0,149,5.239759394
Raheem Sterling,MCI,8.8,,Midfielder,"(MUN-A,NOR-H,AVL-A)","[Game vs. TOT A: 2 pts, Game vs. NEW H: 1 pts, Game vs. BOU H: 19 pts]",100.0,100.0,189,5.18605007327
Anthony Martial,MUN,8.4,,Forward,"(MCI-H,CRY-A,WBA-H)","[Game vs. SUN H: 5 pts, Game vs. ARS A: 2 pts, Game vs. EVE A: 2 pts]",,,589,5.1643033053
Dusan Tadic,SOU,7.0,,Midfielder,"(LIV-A,BOU-H,SUN-A)","[Game vs. SWA H: 11 pts, Game vs. CHE A: 2 pts, Game vs. LEI H: 5 pts]",,,313,5.15832118487
Sadio Mané,SOU,7.9,,Midfielder,"(LIV-A,BOU-H,SUN-A)","[Game vs. SWA H: 7 pts, Game vs. CHE A: 11 pts, Game vs. LEI H: 2 pts]",100.0,100.0,314,5.15832118487
Callum Wilson,BOU,5.6,Knee injury - Unknown return date,Forward,"(TOT-H,SOU-A,NEW-H)","[Game vs. STK A: 1 pts, Game vs. WAT H: 0 pts, Game vs. MCI A: 0 pts]",0.0,0.0,74,5.11684421399
Bacary Sagna,MCI,5.4,,Defender,"(MUN-A,NOR-H,AVL-A)","[Game vs. TOT A: 0 pts, Game vs. NEW H: 0 pts, Game vs. BOU H: 1 pts]",100.0,100.0,212,4.96436664129
Ross Barkley,EVE,6.8,,Midfielder,"(ARS-A,SUN-H,WHU-A)","[Game vs. WBA A: 2 pts, Game vs. LIV H: 1 pts, Game vs. MUN H: 2 pts]",,,138,4.93703267702
Odion Ighalo,WAT,5.3,,Forward,"(STK-A,WHU-H,LEI-A)","[Game vs. CRY H: 2 pts, Game vs. BOU A: 9 pts, Game vs. ARS H: 2 pts]",,,442,4.82161685705
Vincent Kompany,MCI,6.3,,Defender,"(MUN-A,NOR-H,AVL-A)","[Game vs. TOT A: 0 pts, Game vs. NEW H: 0 pts, Game vs. BOU H: 0 pts]",100.0,100.0,209,4.74214441907
Boaz Myhill,WBA,4.7,,Goalkeeper,"(NOR-A,LEI-H,MUN-A)","[Game vs. EVE H: 1 pts, Game vs. CRY A: 3 pts, Game vs. SUN H: 8 pts]",,,445,4.68997086975
Toby Alderweireld,TOT,5.2,,Defender,"(BOU-A,AVL-H,ARS-A)","[Game vs. MCI H: 9 pts, Game vs. SWA A: 1 pts, Game vs. LIV H: 6 pts]",,,306,4.67587702864
Mame Biram Diouf,STK,6.4,Personal Reasons - 75% chance of playing,Forward,"(WAT-H,NEW-A,CHE-H)","[Game vs. BOU H: 7 pts, Game vs. AVL A: 2 pts, Game vs. SWA A: 0 pts]",0.0,75.0,371,4.66031782558
Sergio Agüero,MCI,13.1,Hamstring injury - Expected back 21 Nov,Forward,"(MUN-A,NOR-H,AVL-A)","[Game vs. TOT A: 2 pts, Game vs. NEW H: 25 pts, Game vs. BOU H: 0 pts]",0.0,0.0,222,4.64705041126
Gnegneri Yaya Touré,MCI,8.6,,Midfielder,"(MUN-A,NOR-H,AVL-A)","[Game vs. TOT A: 4 pts, Game vs. NEW H: 0 pts, Game vs. BOU H: 1 pts]",100.0,100.0,217,4.63049451771
Cheikhou Kouyaté,WHU,5.6,,Midfielder,"(CHE-H,WAT-A,EVE-H)","[Game vs. NOR H: 8 pts, Game vs. SUN A: 2 pts, Game vs. CRY A: 2 pts]",100.0,100.0,478,4.6001632716
Nathan Redmond,NOR,5.6,,Midfielder,"(WBA-H,MCI-A,SWA-H)","[Game vs. WHU A: 6 pts, Game vs. LEI H: 1 pts, Game vs. NEW A: 7 pts]",,,285,4.59154112516
Hugo Lloris,TOT,5.0,,Goalkeeper,"(BOU-A,AVL-H,ARS-A)","[Game vs. MCI H: 5 pts, Game vs. SWA A: 1 pts, Game vs. LIV H: 8 pts]",100.0,100.0,323,4.49469212185
Marko Arnautovic,STK,6.0,,Midfielder,"(WAT-H,NEW-A,CHE-H)","[Game vs. BOU H: 5 pts, Game vs. AVL A: 9 pts, Game vs. SWA A: 3 pts]",100.0,100.0,368,4.43656518063
Aaron Cresswell,WHU,5.6,,Defender,"(CHE-H,WAT-A,EVE-H)","[Game vs. NOR H: 1 pts, Game vs. SUN A: 0 pts, Game vs. CRY A: 2 pts]",75.0,100.0,471,4.2972583629
Fernando Luiz Rosa,MCI,6.0,,Midfielder,"(MUN-A,NOR-H,AVL-A)","[Game vs. TOT A: 2 pts, Game vs. NEW H: 5 pts, Game vs. BOU H: 2 pts]",100.0,100.0,219,4.29716118438
Eric Dier,TOT,5.2,,Defender,"(BOU-A,AVL-H,ARS-A)","[Game vs. MCI H: 7 pts, Game vs. SWA A: 0 pts, Game vs. LIV H: 0 pts]",0.0,100.0,331,4.23143258419
Chris Smalling,MUN,6.3,,Defender,"(MCI-H,CRY-A,WBA-H)","[Game vs. SUN H: 7 pts, Game vs. ARS A: 1 pts, Game vs. EVE A: 11 pts]",,,228,4.16325327563
Jose Fonte,SOU,5.4,,Defender,"(LIV-A,BOU-H,SUN-A)","[Game vs. SWA H: 1 pts, Game vs. CHE A: 2 pts, Game vs. LEI H: 8 pts]",,,302,4.14717757398
Wes Hoolahan,NOR,5.2,,Midfielder,"(WBA-H,MCI-A,SWA-H)","[Game vs. WHU A: 5 pts, Game vs. LEI H: 2 pts, Game vs. NEW A: 1 pts]",100.0,100.0,286,4.03598556961
Jan Vertonghen,TOT,5.5,,Defender,"(BOU-A,AVL-H,ARS-A)","[Game vs. MCI H: 2 pts, Game vs. SWA A: 0 pts, Game vs. LIV H: 7 pts]",,,328,4.00921036197
David Silva,MCI,10.0,Ankle injury - Expected back 31 Oct,Midfielder,"(MUN-A,NOR-H,AVL-A)","[Game vs. TOT A: 0 pts, Game vs. NEW H: 8 pts, Game vs. BOU H: 0 pts]",0.0,0.0,216,3.96382785105
Jack Butland,STK,4.6,,Goalkeeper,"(WAT-H,NEW-A,CHE-H)","[Game vs. BOU H: 3 pts, Game vs. AVL A: 6 pts, Game vs. SWA A: 6 pts]",,,353,3.9591948268
Christian Eriksen,TOT,8.3,,Midfielder,"(BOU-A,AVL-H,ARS-A)","[Game vs. MCI H: 4 pts, Game vs. SWA A: 15 pts, Game vs. LIV H: 3 pts]",100.0,100.0,341,3.95896468504
Saido Berahino,WBA,6.2,,Forward,"(NOR-A,LEI-H,MUN-A)","[Game vs. EVE H: 8 pts, Game vs. CRY A: 1 pts, Game vs. SUN H: 9 pts]",50.0,100.0,462,3.95621508893
Pedro Rodríguez Ledesma,CHE,9.1,Knock - Expected back 31 Oct,Midfielder,"(WHU-A,LIV-H,STK-A)","[Game vs. NEW A: 1 pts, Game vs. SOU H: 1 pts, Game vs. AVL H: 3 pts]",100.0,0.0,563,3.92736397638
Scott Dann,CRY,5.1,,Defender,"(LEI-A,MUN-H,LIV-A)","[Game vs. WAT A: 9 pts, Game vs. WBA H: 7 pts, Game vs. WHU H: 1 pts]",100.0,100.0,104,3.89720784945
Joe Hart,MCI,5.7,,Goalkeeper,"(MUN-A,NOR-H,AVL-A)","[Game vs. TOT A: 0 pts, Game vs. NEW H: 3 pts, Game vs. BOU H: 2 pts]",,,205,3.82330420308
Moussa Sissoko,NEW,5.7,,Midfielder,"(SUN-A,STK-H,BOU-A)","[Game vs. CHE H: 2 pts, Game vs. MCI A: 2 pts, Game vs. NOR H: 13 pts]",100.0,100.0,264,3.7953673107
Jesús Navas,MCI,6.4,,Midfielder,"(MUN-A,NOR-H,AVL-A)","[Game vs. TOT A: 1 pts, Game vs. NEW H: 4 pts, Game vs. BOU H: 9 pts]",,,218,3.74160562882
Bafétimbi Gomis,SWA,7.0,,Forward,"(AVL-A,ARS-H,NOR-A)","[Game vs. SOU A: 1 pts, Game vs. TOT H: 2 pts, Game vs. STK H: 2 pts]",100.0,100.0,417,3.73095521933
Theo Walcott,ARS,8.6,,Midfielder,"(EVE-H,SWA-A,TOT-H)","[Game vs. LEI A: 7 pts, Game vs. MUN H: 9 pts, Game vs. WAT A: 3 pts]",,,14,3.71590977417
Manuel Lanzini,WHU,5.3,,Midfielder,"(CHE-H,WAT-A,EVE-H)","[Game vs. NOR H: 2 pts, Game vs. SUN A: 5 pts, Game vs. CRY A: 13 pts]",,,521,3.71127438272
Marc Albrighton,LEI,5.0,,Midfielder,"(CRY-H,WBA-A,WAT-H)","[Game vs. ARS H: 2 pts, Game vs. NOR A: 2 pts, Game vs. SOU A: 2 pts]",,,164,3.6692078569
Bojan Krkic,STK,5.3,,Forward,"(WAT-H,NEW-A,CHE-H)","[Game vs. BOU H: 2 pts, Game vs. AVL A: 1 pts, Game vs. SWA A: 9 pts]",100.0,100.0,372,3.66031782558
James Morrison,WBA,4.9,Ankle injury - 50% chance of playing,Midfielder,"(NOR-A,LEI-H,MUN-A)","[Game vs. EVE H: 5 pts, Game vs. CRY A: 2 pts, Game vs. SUN H: 0 pts]",50.0,50.0,456,3.65130582829
Tim Howard,EVE,5.1,,Goalkeeper,"(ARS-A,SUN-H,WHU-A)","[Game vs. WBA A: 1 pts, Game vs. LIV H: 3 pts, Game vs. MUN H: 2 pts]",,,127,3.63913656629
Glen Johnson,STK,5.0,,Defender,"(WAT-H,NEW-A,CHE-H)","[Game vs. BOU H: 5 pts, Game vs. AVL A: 12 pts, Game vs. SWA A: 6 pts]",100.0,100.0,499,3.63139614097
Diafra Sakho,WHU,6.7,,Forward,"(CHE-H,WAT-A,EVE-H)","[Game vs. NOR H: 6 pts, Game vs. SUN A: 2 pts, Game vs. CRY A: 2 pts]",100.0,100.0,485,3.61287583292
Yann M'Vila,SUN,5.0,,Midfielder,"(NEW-H,EVE-A,SOU-H)","[Game vs. MUN A: 2 pts, Game vs. WHU H: 10 pts, Game vs. WBA A: 2 pts]",75.0,100.0,544,3.59310947923
Cédric Soares,SOU,5.0,,Defender,"(LIV-A,BOU-H,SUN-A)","[Game vs. SWA H: 2 pts, Game vs. CHE A: 2 pts, Game vs. LEI H: 1 pts]",,,307,3.59162201842
Heurelho Gomes,WAT,4.6,,Goalkeeper,"(STK-A,WHU-H,LEI-A)","[Game vs. CRY H: 2 pts, Game vs. BOU A: 9 pts, Game vs. ARS H: 1 pts]",,,421,3.57246989963
Kyle Walker,TOT,5.0,,Defender,"(BOU-A,AVL-H,ARS-A)","[Game vs. MCI H: 2 pts, Game vs. SWA A: 0 pts, Game vs. LIV H: 6 pts]",,,327,3.56476591752
Willian Borges Da Silva,CHE,6.8,,Midfielder,"(WHU-A,LIV-H,STK-A)","[Game vs. NEW A: 8 pts, Game vs. SOU H: 7 pts, Game vs. AVL H: 7 pts]",100.0,100.0,90,3.53531034861
Simon Mignolet,LIV,5.1,,Goalkeeper,"(SOU-H,CHE-A,CRY-H)","[Game vs. AVL H: 1 pts, Game vs. EVE A: 3 pts, Game vs. TOT A: 7 pts]",,,175,3.52114024136
Mark Noble,WHU,5.5,,Midfielder,"(CHE-H,WAT-A,EVE-H)","[Game vs. NOR H: 2 pts, Game vs. SUN A: 1 pts, Game vs. CRY A: 2 pts]",100.0,100.0,475,3.48905216049
Ayoze Pérez Gutiérrez,NEW,5.1,,Forward,"(SUN-A,STK-H,BOU-A)","[Game vs. CHE H: 12 pts, Game vs. MCI A: 2 pts, Game vs. NOR H: 10 pts]",,,273,3.48886568189
Maarten Stekelenburg,SOU,5.0,Back injury - 75% chance of playing,Goalkeeper,"(LIV-A,BOU-H,SUN-A)","[Game vs. SWA H: 3 pts, Game vs. CHE A: 2 pts, Game vs. LEI H: 0 pts]",,75.0,300,3.47246989963
Jermain Defoe,SUN,5.4,,Forward,"(NEW-H,EVE-A,SOU-H)","[Game vs. MUN A: 0 pts, Game vs. WHU H: 0 pts, Game vs. WBA A: 1 pts]",100.0,100.0,392,3.47199763561
Martin Skrtel,LIV,5.5,,Defender,"(SOU-H,CHE-A,CRY-H)","[Game vs. AVL H: 1 pts, Game vs. EVE A: 2 pts, Game vs. TOT A: 9 pts]",,,177,3.43991634342
Eden Hazard,CHE,11.2,,Midfielder,"(WHU-A,LIV-H,STK-A)","[Game vs. NEW A: 5 pts, Game vs. SOU H: 5 pts, Game vs. AVL H: 1 pts]",,,86,3.4241992375
Craig Dawson,WBA,5.1,,Defender,"(NOR-A,LEI-H,MUN-A)","[Game vs. EVE H: 7 pts, Game vs. CRY A: 1 pts, Game vs. SUN H: 5 pts]",100.0,100.0,448,3.41798184501
Eliaquim Mangala,MCI,5.5,,Defender,"(MUN-A,NOR-H,AVL-A)","[Game vs. TOT A: 0 pts, Game vs. NEW H: 1 pts, Game vs. BOU H: 2 pts]",100.0,100.0,213,3.40881108573
Laurent Koscielny,ARS,5.9,,Defender,"(EVE-H,SWA-A,TOT-H)","[Game vs. LEI A: 1 pts, Game vs. MUN H: 0 pts, Game vs. WAT A: 7 pts]",25.0,100.0,4,3.37351310411
Robbie Brady,NOR,5.4,,Midfielder,"(WBA-H,MCI-A,SWA-H)","[Game vs. WHU A: 9 pts, Game vs. LEI H: 3 pts, Game vs. NEW A: 2 pts]",,,527,3.36931890294
Christian Benteke,LIV,8.2,,Forward,"(SOU-H,CHE-A,CRY-H)","[Game vs. AVL H: 0 pts, Game vs. EVE A: 0 pts, Game vs. TOT A: 0 pts]",0.0,100.0,51,3.30447749876
Jeremain Lens,SUN,6.4,,Midfielder,"(NEW-H,EVE-A,SOU-H)","[Game vs. MUN A: 2 pts, Game vs. WHU H: 3 pts, Game vs. WBA A: 0 pts]",0.0,100.0,510,3.2597761459
Steven Fletcher,SUN,5.0,,Forward,"(NEW-H,EVE-A,SOU-H)","[Game vs. MUN A: 1 pts, Game vs. WHU H: 7 pts, Game vs. WBA A: 2 pts]",100.0,100.0,393,3.24977541339
Bakary Sako,CRY,5.5,,Midfielder,"(LEI-A,MUN-H,LIV-A)","[Game vs. WAT A: 3 pts, Game vs. WBA H: 0 pts, Game vs. WHU H: 1 pts]",100.0,100.0,537,3.24648625846
Philippe Coutinho,LIV,8.1,,Midfielder,"(SOU-H,CHE-A,CRY-H)","[Game vs. AVL H: 9 pts, Game vs. EVE A: 2 pts, Game vs. TOT A: 3 pts]",75.0,100.0,191,3.2300499237
James Milner,LIV,6.7,,Midfielder,"(SOU-H,CHE-A,CRY-H)","[Game vs. AVL H: 10 pts, Game vs. EVE A: 6 pts, Game vs. TOT A: 2 pts]",,,197,3.2300499237
Salomón Rondón,WBA,6.8,,Forward,"(NOR-A,LEI-H,MUN-A)","[Game vs. EVE H: 2 pts, Game vs. CRY A: 2 pts, Game vs. SUN H: 2 pts]",100.0,100.0,551,3.21302830858
James Tomkins,WHU,5.0,,Defender,"(CHE-H,WAT-A,EVE-H)","[Game vs. NOR H: 1 pts, Game vs. SUN A: 1 pts, Game vs. CRY A: 1 pts]",,,470,3.18614725179
Neil Taylor,SWA,5.0,,Defender,"(AVL-A,ARS-H,NOR-A)","[Game vs. SOU A: 4 pts, Game vs. TOT H: 1 pts, Game vs. STK H: 2 pts]",,,399,3.17425095021
César Azpilicueta,CHE,6.0,,Defender,"(WHU-A,LIV-H,STK-A)","[Game vs. NEW A: 1 pts, Game vs. SOU H: 1 pts, Game vs. AVL H: 6 pts]",,,80,3.1033681646
Danny Ings,LIV,7.0,Knee injury - Unknown return date,Forward,"(SOU-H,CHE-A,CRY-H)","[Game vs. AVL H: 2 pts, Game vs. EVE A: 9 pts, Game vs. TOT A: 0 pts]",0.0,0.0,203,3.08225527654
Winston Reid,WHU,5.0,Back injury - Expected back 31 Oct,Defender,"(CHE-H,WAT-A,EVE-H)","[Game vs. NOR H: 1 pts, Game vs. SUN A: 0 pts, Game vs. CRY A: 0 pts]",75.0,0.0,469,3.07503614068
Nacer Chadli,TOT,6.8,Ankle injury - Expected back 05 Dec,Midfielder,"(BOU-A,AVL-H,ARS-A)","[Game vs. MCI H: 1 pts, Game vs. SWA A: 2 pts, Game vs. LIV H: 1 pts]",,0.0,338,3.07007579615
Santiago Cazorla,ARS,8.1,,Midfielder,"(EVE-H,SWA-A,TOT-H)","[Game vs. LEI A: 6 pts, Game vs. MUN H: 3 pts, Game vs. WAT A: 3 pts]",,,16,3.0492431075
Aaron Ramsey,ARS,8.2,Hamstring injury - Expected back 21 Nov,Midfielder,"(EVE-H,SWA-A,TOT-H)","[Game vs. LEI A: 2 pts, Game vs. MUN H: 3 pts, Game vs. WAT A: 8 pts]",,0.0,17,3.0492431075
Gabriel Armando de Abreu,ARS,4.9,,Defender,"(EVE-H,SWA-A,TOT-H)","[Game vs. LEI A: 0 pts, Game vs. MUN H: 6 pts, Game vs. WAT A: 0 pts]",100.0,100.0,6,3.04017977078
Russell Martin,NOR,4.7,,Defender,"(WBA-H,MCI-A,SWA-H)","[Game vs. WHU A: 1 pts, Game vs. LEI H: 1 pts, Game vs. NEW A: -1 pts]",,,279,3.02387539435
Arouna Koné,EVE,4.9,,Forward,"(ARS-A,SUN-H,WHU-A)","[Game vs. WBA A: 4 pts, Game vs. LIV H: 1 pts, Game vs. MUN H: 1 pts]",,,151,3.01753717178
Harry Kane,TOT,9.2,,Forward,"(BOU-A,AVL-H,ARS-A)","[Game vs. MCI H: 7 pts, Game vs. SWA A: 0 pts, Game vs. LIV H: 2 pts]",,,350,3.0103540092
Daniel Drinkwater,LEI,4.5,,Midfielder,"(CRY-H,WBA-A,WAT-H)","[Game vs. ARS H: 4 pts, Game vs. NOR A: 2 pts, Game vs. SOU A: 2 pts]",,,166,3.00254119023
Nathaniel Clyne,LIV,5.5,,Defender,"(SOU-H,CHE-A,CRY-H)","[Game vs. AVL H: 1 pts, Game vs. EVE A: 2 pts, Game vs. TOT A: 6 pts]",,,186,2.99547189898
Tim Krul,NEW,4.5,Knee injury - Unknown return date,Goalkeeper,"(SUN-A,STK-H,BOU-A)","[Game vs. CHE H: 1 pts, Game vs. MCI A: 0 pts, Game vs. NOR H: 0 pts]",0.0,0.0,252,2.99469212185
Jonathan Walters,STK,5.8,Groin Injury - 75% chance of playing,Midfielder,"(WAT-H,NEW-A,CHE-H)","[Game vs. BOU H: 10 pts, Game vs. AVL A: 3 pts, Game vs. SWA A: 0 pts]",100.0,75.0,365,2.99212073619
Phil Jagielka,EVE,5.4,,Defender,"(ARS-A,SUN-H,WHU-A)","[Game vs. WBA A: 1 pts, Game vs. LIV H: 2 pts, Game vs. MUN H: 1 pts]",,,131,2.98858325273
Kyle Naughton,SWA,5.0,,Defender,"(AVL-A,ARS-H,NOR-A)","[Game vs. SOU A: 1 pts, Game vs. TOT H: 0 pts, Game vs. STK H: 0 pts]",100.0,100.0,397,2.95202872798
Ashley Williams,SWA,5.0,,Defender,"(AVL-A,ARS-H,NOR-A)","[Game vs. SOU A: 1 pts, Game vs. TOT H: 1 pts, Game vs. STK H: 1 pts]",,,398,2.95202872798
Matteo Darmian,MUN,5.8,,Defender,"(MCI-H,CRY-A,WBA-H)","[Game vs. SUN H: 6 pts, Game vs. ARS A: -1 pts, Game vs. EVE A: 6 pts]",,,495,2.94103105341
Gylfi Sigurdsson,SWA,7.3,,Midfielder,"(AVL-A,ARS-H,NOR-A)","[Game vs. SOU A: 8 pts, Game vs. TOT H: 2 pts, Game vs. STK H: 1 pts]",,,407,2.91536626933
Simon Francis,BOU,4.5,,Defender,"(TOT-H,SOU-A,NEW-H)","[Game vs. STK A: 1 pts, Game vs. WAT H: 2 pts, Game vs. MCI A: 0 pts]",,,57,2.9030863111
Lukasz Fabianski,SWA,5.0,,Goalkeeper,"(AVL-A,ARS-H,NOR-A)","[Game vs. SOU A: 2 pts, Game vs. TOT H: 4 pts, Game vs. STK H: 2 pts]",,,395,2.87885975864
Bradley Guzan,AVL,4.5,,Goalkeeper,"(SWA-H,TOT-A,MCI-H)","[Game vs. LIV A: 4 pts, Game vs. STK H: 3 pts, Game vs. CHE A: 1 pts]",,,30,2.87364315173
Daley Blind,MUN,5.5,,Midfielder,"(MCI-H,CRY-A,WBA-H)","[Game vs. SUN H: 3 pts, Game vs. ARS A: 2 pts, Game vs. EVE A: 0 pts]",,,246,2.87125467321
Heung-Min Son,TOT,8.0,Foot injury - Unknown return date,Forward,"(BOU-A,AVL-H,ARS-A)","[Game vs. MCI H: 2 pts, Game vs. SWA A: 0 pts, Game vs. LIV H: 0 pts]",0.0,0.0,570,2.85573122537
Geoff Cameron,STK,4.5,,Defender,"(WAT-H,NEW-A,CHE-H)","[Game vs. BOU H: 2 pts, Game vs. AVL A: 6 pts, Game vs. SWA A: 7 pts]",,,357,2.8536183632
Diego Da Silva Costa,CHE,11.0,,Forward,"(WHU-A,LIV-H,STK-A)","[Game vs. NEW A: 0 pts, Game vs. SOU H: 0 pts, Game vs. AVL H: 12 pts]",100.0,100.0,98,2.84584126989
Artur Boruc,BOU,4.5,Thigh injury - 50% chance of playing,Goalkeeper,"(TOT-H,SOU-A,NEW-H)","[Game vs. STK A: 2 pts, Game vs. WAT H: 2 pts, Game vs. MCI A: 0 pts]",,50.0,55,2.84336246359
Matt Targett,SOU,4.1,,Defender,"(LIV-A,BOU-H,SUN-A)","[Game vs. SWA H: 0 pts, Game vs. CHE A: 0 pts, Game vs. LEI H: 0 pts]",,,304,2.81384424065
Etienne Capoue,WAT,4.8,,Midfielder,"(STK-A,WHU-H,LEI-A)","[Game vs. CRY H: 2 pts, Game vs. BOU A: 2 pts, Game vs. ARS H: 2 pts]",,,339,2.78678389074
Massadio Haidara,NEW,4.5,,Defender,"(SUN-A,STK-H,BOU-A)","[Game vs. CHE H: 0 pts, Game vs. MCI A: 0 pts, Game vs. NOR H: 1 pts]",100.0,100.0,257,2.7645840501
Chris Brunt,WBA,5.2,,Midfielder,"(NOR-A,LEI-H,MUN-A)","[Game vs. EVE H: 5 pts, Game vs. CRY A: 2 pts, Game vs. SUN H: 6 pts]",100.0,100.0,457,2.7624169394
Wilfried Bony,MCI,8.3,,Forward,"(MUN-A,NOR-H,AVL-A)","[Game vs. TOT A: 0 pts, Game vs. NEW H: 1 pts, Game vs. BOU H: 16 pts]",100.0,100.0,224,2.75816152237
Gareth McAuley,WBA,5.0,,Defender,"(NOR-A,LEI-H,MUN-A)","[Game vs. EVE H: 0 pts, Game vs. CRY A: 1 pts, Game vs. SUN H: 8 pts]",100.0,100.0,452,2.75131517834
Daniel Sturridge,LIV,10.6,Knee injury - 50% chance of playing,Forward,"(SOU-H,CHE-A,CRY-H)","[Game vs. AVL H: 13 pts, Game vs. EVE A: 2 pts, Game vs. TOT A: 0 pts]",100.0,50.0,199,2.74892194321
Erik Lamela,TOT,6.8,,Midfielder,"(BOU-A,AVL-H,ARS-A)","[Game vs. MCI H: 12 pts, Game vs. SWA A: 1 pts, Game vs. LIV H: 2 pts]",,,340,2.73674246282
Bamidele Alli,TOT,4.9,,Midfielder,"(BOU-A,AVL-H,ARS-A)","[Game vs. MCI H: 1 pts, Game vs. SWA A: 9 pts, Game vs. LIV H: 3 pts]",,,348,2.73674246282
Costel Pantilimon,SUN,4.8,,Goalkeeper,"(NEW-H,EVE-A,SOU-H)","[Game vs. MUN A: 2 pts, Game vs. WHU H: 2 pts, Game vs. WBA A: 1 pts]",,,375,2.71475038236
Steven Naismith,EVE,5.3,,Forward,"(ARS-A,SUN-H,WHU-A)","[Game vs. WBA A: 1 pts, Game vs. LIV H: 2 pts, Game vs. MUN H: 1 pts]",,,150,2.68420383845
Pape Souaré,CRY,4.6,,Defender,"(LEI-A,MUN-H,LIV-A)","[Game vs. WAT A: 6 pts, Game vs. WBA H: 5 pts, Game vs. WHU H: 1 pts]",,,109,2.67498562723
John Stones,EVE,5.5,,Defender,"(ARS-A,SUN-H,WHU-A)","[Game vs. WBA A: 0 pts, Game vs. LIV H: 0 pts, Game vs. MUN H: 1 pts]",75.0,100.0,132,2.6552499194
Ander Herrera,MUN,6.6,,Midfielder,"(MCI-H,CRY-A,WBA-H)","[Game vs. SUN H: 0 pts, Game vs. ARS A: 0 pts, Game vs. EVE A: 14 pts]",100.0,100.0,244,2.64903245099
Victor Moses,WHU,5.3,Cannot face parent club Chelsea on 24/10 due to conditions of loan deal. - Expected back 31 Oct,Midfielder,"(CHE-H,WAT-A,EVE-H)","[Game vs. NOR H: 1 pts, Game vs. SUN A: 4 pts, Game vs. CRY A: 5 pts]",100.0,0.0,96,2.63366161892
Jeffrey Schlupp,LEI,5.0,,Defender,"(CRY-H,WBA-A,WAT-H)","[Game vs. ARS H: 0 pts, Game vs. NOR A: 8 pts, Game vs. SOU A: 0 pts]",,,156,2.62458955591
Ritchie de Laet,LEI,4.5,,Defender,"(CRY-H,WBA-A,WAT-H)","[Game vs. ARS H: 0 pts, Game vs. NOR A: 0 pts, Game vs. SOU A: 0 pts]",,,159,2.62458955591
Matt Ritchie,BOU,5.7,,Midfielder,"(TOT-H,SOU-A,NEW-H)","[Game vs. STK A: 2 pts, Game vs. WAT H: 6 pts, Game vs. MCI A: 1 pts]",,,64,2.62402784829
Federico Fernández,SWA,5.0,,Defender,"(AVL-A,ARS-H,NOR-A)","[Game vs. SOU A: 1 pts, Game vs. TOT H: 0 pts, Game vs. STK H: 2 pts]",,,404,2.61869539465
Wayne Rooney,MUN,10.2,,Forward,"(MCI-H,CRY-A,WBA-H)","[Game vs. SUN H: 8 pts, Game vs. ARS A: 1 pts, Game vs. EVE A: 6 pts]",100.0,100.0,250,2.61258735587
Jonny Howson,NOR,4.9,,Midfielder,"(WBA-H,MCI-A,SWA-H)","[Game vs. WHU A: 2 pts, Game vs. LEI H: 6 pts, Game vs. NEW A: 2 pts]",,,287,2.59154112516
Steve Cook,BOU,4.4,,Defender,"(TOT-H,SOU-A,NEW-H)","[Game vs. STK A: 1 pts, Game vs. WAT H: 2 pts, Game vs. MCI A: 0 pts]",,,58,2.56975297777
Ben Davies,TOT,4.5,,Defender,"(BOU-A,AVL-H,ARS-A)","[Game vs. MCI H: 2 pts, Game vs. SWA A: 0 pts, Game vs. LIV H: 0 pts]",,,330,2.56476591752
Kurt Zouma,CHE,5.5,,Defender,"(WHU-A,LIV-H,STK-A)","[Game vs. NEW A: 1 pts, Game vs. SOU H: 0 pts, Game vs. AVL H: 6 pts]",,,82,2.54781260905
Darren Fletcher,WBA,4.4,,Midfielder,"(NOR-A,LEI-H,MUN-A)","[Game vs. EVE H: 2 pts, Game vs. CRY A: 2 pts, Game vs. SUN H: 3 pts]",100.0,100.0,453,2.54019471717
Memphis Depay,MUN,8.1,,Midfielder,"(MCI-H,CRY-A,WBA-H)","[Game vs. SUN H: 8 pts, Game vs. ARS A: 1 pts, Game vs. EVE A: 0 pts]",,,240,2.53792133988
Morgan Schneiderlin,MUN,5.2,,Midfielder,"(MCI-H,CRY-A,WBA-H)","[Game vs. SUN H: 3 pts, Game vs. ARS A: 0 pts, Game vs. EVE A: 9 pts]",,,308,2.53792133988
Erik Pieters,STK,4.9,,Defender,"(WAT-H,NEW-A,CHE-H)","[Game vs. BOU H: 2 pts, Game vs. AVL A: 8 pts, Game vs. SWA A: 5 pts]",100.0,100.0,358,2.52028502986
Steven Davis,SOU,4.8,,Midfielder,"(LIV-A,BOU-H,SUN-A)","[Game vs. SWA H: 3 pts, Game vs. CHE A: 8 pts, Game vs. LEI H: 1 pts]",,,309,2.4916545182
Troy Deeney,WAT,5.1,,Forward,"(STK-A,WHU-H,LEI-A)","[Game vs. CRY H: 2 pts, Game vs. BOU A: 2 pts, Game vs. ARS H: 2 pts]",,,441,2.48828352372
Jonjo Shelvey,SWA,5.5,,Midfielder,"(AVL-A,ARS-H,NOR-A)","[Game vs. SOU A: 1 pts, Game vs. TOT H: 5 pts, Game vs. STK H: 1 pts]",,,411,2.47092182488
Jason Puncheon,CRY,5.8,,Midfielder,"(LEI-A,MUN-H,LIV-A)","[Game vs. WAT A: 2 pts, Game vs. WBA H: 3 pts, Game vs. WHU H: 2 pts]",100.0,100.0,113,2.46870848068
Vurnon Anita,NEW,4.5,,Midfielder,"(SUN-A,STK-H,BOU-A)","[Game vs. CHE H: 5 pts, Game vs. MCI A: 1 pts, Game vs. NOR H: 1 pts]",100.0,100.0,263,2.46203397737
Glenn Whelan,STK,4.4,,Midfielder,"(WAT-H,NEW-A,CHE-H)","[Game vs. BOU H: 1 pts, Game vs. AVL A: 3 pts, Game vs. SWA A: 3 pts]",,,364,2.43656518063
Brendan Galloway,EVE,4.5,,Defender,"(ARS-A,SUN-H,WHU-A)","[Game vs. WBA A: 1 pts, Game vs. LIV H: 2 pts, Game vs. MUN H: 1 pts]",100.0,100.0,134,2.43302769717
Chancel Mbemba,NEW,5.0,,Defender,"(SUN-A,STK-H,BOU-A)","[Game vs. CHE H: 1 pts, Game vs. MCI A: -1 pts, Game vs. NOR H: 1 pts]",,,532,2.43125071677
Rudy Gestede,AVL,5.8,,Forward,"(SWA-H,TOT-A,MCI-H)","[Game vs. LIV A: 13 pts, Game vs. STK H: 2 pts, Game vs. CHE A: 2 pts]",,,531,2.38798496363
Xherdan Shaqiri,STK,6.8,,Midfielder,"(WAT-H,NEW-A,CHE-H)","[Game vs. BOU H: 1 pts, Game vs. AVL A: 0 pts, Game vs. SWA A: 2 pts]",100.0,100.0,552,2.38248374251
Gareth Barry,EVE,4.3,,Midfielder,"(ARS-A,SUN-H,WHU-A)","[Game vs. WBA A: 2 pts, Game vs. LIV H: 2 pts, Game vs. MUN H: 2 pts]",,,144,2.38147712147
Maya Yoshida,SOU,4.4,,Defender,"(LIV-A,BOU-H,SUN-A)","[Game vs. SWA H: 0 pts, Game vs. CHE A: 1 pts, Game vs. LEI H: 0 pts]",,,303,2.3693997962
Glenn Murray,BOU,5.6,,Forward,"(TOT-H,SOU-A,NEW-H)","[Game vs. STK A: 2 pts, Game vs. WAT H: 3 pts, Game vs. MCI A: 6 pts]",100.0,100.0,123,2.36181675351
Jefferson Montero,SWA,5.7,,Midfielder,"(AVL-A,ARS-H,NOR-A)","[Game vs. SOU A: 1 pts, Game vs. TOT H: 5 pts, Game vs. STK H: 2 pts]",100.0,100.0,414,2.35981071377
José Manuel Jurado Marín,WAT,5.5,Hamstring injury - Expected back 24 Oct,Midfielder,"(STK-A,WHU-H,LEI-A)","[Game vs. CRY H: 1 pts, Game vs. BOU A: 0 pts, Game vs. ARS H: 0 pts]",0.0,0.0,520,2.34233944629
Ikechi Anya,WAT,4.4,,Midfielder,"(STK-A,WHU-H,LEI-A)","[Game vs. CRY H: 2 pts, Game vs. BOU A: 2 pts, Game vs. ARS H: 2 pts]",75.0,100.0,437,2.34233944629
N'Golo Kanté,LEI,5.0,,Midfielder,"(CRY-H,WBA-A,WAT-H)","[Game vs. ARS H: 2 pts, Game vs. NOR A: 7 pts, Game vs. SOU A: 2 pts]",100.0,100.0,538,2.33587452356
Kasper Schmeichel,LEI,4.5,,Goalkeeper,"(CRY-H,WBA-A,WAT-H)","[Game vs. ARS H: 2 pts, Game vs. NOR A: 2 pts, Game vs. SOU A: 2 pts]",,,152,2.33225135248
Jose Luis Mato Sanmartín,STK,5.6,,Forward,"(WAT-H,NEW-A,CHE-H)","[Game vs. BOU H: 0 pts, Game vs. AVL A: 1 pts, Game vs. SWA A: 2 pts]",,,373,2.32698449224
Olivier Giroud,ARS,8.7,,Forward,"(EVE-H,SWA-A,TOT-H)","[Game vs. LEI A: 5 pts, Game vs. MUN H: 1 pts, Game vs. WAT A: 5 pts]",,,26,2.31606361587
Nemanja Matic,CHE,4.9,,Midfielder,"(WHU-A,LIV-H,STK-A)","[Game vs. NEW A: 2 pts, Game vs. SOU H: 1 pts, Game vs. AVL H: 1 pts]",100.0,100.0,92,2.31308812639
Cesc Fàbregas,CHE,8.6,,Midfielder,"(WHU-A,LIV-H,STK-A)","[Game vs. NEW A: 2 pts, Game vs. SOU H: 2 pts, Game vs. AVL H: 3 pts]",,,87,2.31308812639
Carl Jenkinson,WHU,5.0,,Defender,"(CHE-H,WAT-A,EVE-H)","[Game vs. NOR H: 1 pts, Game vs. SUN A: 6 pts, Game vs. CRY A: 8 pts]",100.0,100.0,10,2.2972583629
James McCarthy,EVE,4.8,,Midfielder,"(ARS-A,SUN-H,WHU-A)","[Game vs. WBA A: 1 pts, Game vs. LIV H: 1 pts, Game vs. MUN H: 2 pts]",100.0,100.0,141,2.27036601036
Adrián San Miguel del Castillo,WHU,5.0,,Goalkeeper,"(CHE-H,WAT-A,EVE-H)","[Game vs. NOR H: 2 pts, Game vs. SUN A: 1 pts, Game vs. CRY A: 2 pts]",100.0,100.0,465,2.26558468581
James McArthur,CRY,5.0,,Midfielder,"(LEI-A,MUN-H,LIV-A)","[Game vs. WAT A: 1 pts, Game vs. WBA H: 3 pts, Game vs. WHU H: 2 pts]",,,117,2.24648625846
Wilfried Zaha,CRY,5.4,,Midfielder,"(LEI-A,MUN-H,LIV-A)","[Game vs. WAT A: 3 pts, Game vs. WBA H: 5 pts, Game vs. WHU H: 1 pts]",100.0,100.0,114,2.24648625846
Craig Cathcart,WAT,4.5,,Defender,"(STK-A,WHU-H,LEI-A)","[Game vs. CRY H: 1 pts, Game vs. BOU A: 2 pts, Game vs. ARS H: 1 pts]",,,425,2.21905712882
Allan-Roméo Nyom,WAT,4.5,,Defender,"(STK-A,WHU-H,LEI-A)","[Game vs. CRY H: 2 pts, Game vs. BOU A: 2 pts, Game vs. ARS H: 0 pts]",75.0,100.0,511,2.21905712882
Joseph Gomez,LIV,4.6,Knee injury - Unknown return date,Defender,"(SOU-H,CHE-A,CRY-H)","[Game vs. AVL H: 0 pts, Game vs. EVE A: 0 pts, Game vs. TOT A: 0 pts]",0.0,0.0,515,2.2176941212
Daryl Janmaat,NEW,4.9,,Defender,"(SUN-A,STK-H,BOU-A)","[Game vs. CHE H: 1 pts, Game vs. MCI A: -1 pts, Game vs. NOR H: 4 pts]",100.0,100.0,259,2.20902849454
Ola Toivonen,SUN,6.4,,Midfielder,"(NEW-H,EVE-A,SOU-H)","[Game vs. MUN A: 2 pts, Game vs. WHU H: 2 pts, Game vs. WBA A: 0 pts]",25.0,100.0,571,2.20011243037
Angelo Ogbonna,WHU,4.9,,Defender,"(CHE-H,WAT-A,EVE-H)","[Game vs. NOR H: 0 pts, Game vs. SUN A: 0 pts, Game vs. CRY A: 0 pts]",25.0,100.0,502,2.18614725179
Dan Gosling,BOU,4.4,,Midfielder,"(TOT-H,SOU-A,NEW-H)","[Game vs. STK A: 8 pts, Game vs. WAT H: 2 pts, Game vs. MCI A: 2 pts]",,,73,2.17958340384
John Ruddy,NOR,4.5,,Goalkeeper,"(WBA-H,MCI-A,SWA-H)","[Game vs. WHU A: 2 pts, Game vs. LEI H: 2 pts, Game vs. NEW A: -1 pts]",,,275,2.17364315173
Scott Sinclair,AVL,4.9,,Midfielder,"(SWA-H,TOT-A,MCI-H)","[Game vs. LIV A: 2 pts, Game vs. STK H: 1 pts, Game vs. CHE A: 0 pts]",,,48,2.16384900745
Luke Shaw,MUN,5.4,Leg injury - Unknown return date,Defender,"(MCI-H,CRY-A,WBA-H)","[Game vs. SUN H: 0 pts, Game vs. ARS A: 0 pts, Game vs. EVE A: 0 pts]",0.0,0.0,233,2.16325327563
Per Mertesacker,ARS,5.3,,Defender,"(EVE-H,SWA-A,TOT-H)","[Game vs. LEI A: 1 pts, Game vs. MUN H: 6 pts, Game vs. WAT A: 5 pts]",100.0,100.0,5,2.15129088189
Yannick Bolasie,CRY,6.2,,Midfielder,"(LEI-A,MUN-H,LIV-A)","[Game vs. WAT A: 3 pts, Game vs. WBA H: 10 pts, Game vs. WHU H: 2 pts]",100.0,100.0,112,2.13537514735
Joel Ward,CRY,4.4,Knock - 75% chance of playing,Defender,"(LEI-A,MUN-H,LIV-A)","[Game vs. WAT A: 0 pts, Game vs. WBA H: 0 pts, Game vs. WHU H: 0 pts]",0.0,75.0,105,2.11943007167
Seamus Coleman,EVE,5.9,,Defender,"(ARS-A,SUN-H,WHU-A)","[Game vs. WBA A: 0 pts, Game vs. LIV H: 0 pts, Game vs. MUN H: 0 pts]",100.0,100.0,130,2.09969436384
Jordan Amavi,AVL,5.0,,Defender,"(SWA-H,TOT-A,MCI-H)","[Game vs. LIV A: 4 pts, Game vs. STK H: 2 pts, Game vs. CHE A: 1 pts]",,,513,2.08958080951
Alex McCarthy,CRY,4.1,,Goalkeeper,"(LEI-A,MUN-H,LIV-A)","[Game vs. WAT A: 0 pts, Game vs. WBA H: 0 pts, Game vs. WHU H: 0 pts]",,,518,2.07885975864
Philipp Wollscheid,STK,4.3,,Defender,"(WAT-H,NEW-A,CHE-H)","[Game vs. BOU H: 2 pts, Game vs. AVL A: 6 pts, Game vs. SWA A: 8 pts]",,,361,2.07584058542
Wes Morgan,LEI,4.4,,Defender,"(CRY-H,WBA-A,WAT-H)","[Game vs. ARS H: 0 pts, Game vs. NOR A: 2 pts, Game vs. SOU A: 1 pts]",100.0,100.0,154,2.06903400036
Marc Pugh,BOU,4.9,,Midfielder,"(TOT-H,SOU-A,NEW-H)","[Game vs. STK A: 5 pts, Game vs. WAT H: 1 pts, Game vs. MCI A: 1 pts]",,,68,2.06847229273
Gerard Deulofeu,EVE,6.2,,Midfielder,"(ARS-A,SUN-H,WHU-A)","[Game vs. WBA A: 10 pts, Game vs. LIV H: 1 pts, Game vs. MUN H: 1 pts]",100.0,100.0,148,2.04814378813
James Ward-Prowse,SOU,5.7,,Midfielder,"(LIV-A,BOU-H,SUN-A)","[Game vs. SWA H: 6 pts, Game vs. CHE A: 0 pts, Game vs. LEI H: 2 pts]",,,310,2.04721007376
Jack Colback,NEW,5.2,,Midfielder,"(SUN-A,STK-H,BOU-A)","[Game vs. CHE H: 0 pts, Game vs. MCI A: 0 pts, Game vs. NOR H: 2 pts]",100.0,100.0,265,2.01758953292
Charlie Daniels,BOU,4.5,,Defender,"(TOT-H,SOU-A,NEW-H)","[Game vs. STK A: 1 pts, Game vs. WAT H: 2 pts, Game vs. MCI A: 0 pts]",100.0,100.0,60,2.01419742221
Sebastian Prödl,WAT,4.5,,Defender,"(STK-A,WHU-H,LEI-A)","[Game vs. CRY H: 1 pts, Game vs. BOU A: 2 pts, Game vs. ARS H: 1 pts]",,,426,1.9968349066
Dejan Lovren,LIV,4.9,Ankle injury - 75% chance of playing,Defender,"(SOU-H,CHE-A,CRY-H)","[Game vs. AVL H: 0 pts, Game vs. EVE A: 0 pts, Game vs. TOT A: 0 pts]",75.0,75.0,182,1.99547189898
Alberto Moreno,LIV,4.7,,Defender,"(SOU-H,CHE-A,CRY-H)","[Game vs. AVL H: 1 pts, Game vs. EVE A: 2 pts, Game vs. TOT A: 6 pts]",,,184,1.99547189898
Marco Van Ginkel,STK,5.1,,Midfielder,"(WAT-H,NEW-A,CHE-H)","[Game vs. BOU H: 1 pts, Game vs. AVL A: 1 pts, Game vs. SWA A: 1 pts]",,,500,1.99212073619
Fabricio Coloccini,NEW,4.5,,Defender,"(SUN-A,STK-H,BOU-A)","[Game vs. CHE H: 1 pts, Game vs. MCI A: -1 pts, Game vs. NOR H: 1 pts]",100.0,100.0,256,1.98680627232
Ryan Mason,TOT,4.9,Knee injury - Expected back 25 Oct,Midfielder,"(BOU-A,AVL-H,ARS-A)","[Game vs. MCI H: 0 pts, Game vs. SWA A: 0 pts, Game vs. LIV H: 0 pts]",0.0,0.0,345,1.95896468504
Andrew Surman,BOU,4.4,,Midfielder,"(TOT-H,SOU-A,NEW-H)","[Game vs. STK A: 2 pts, Game vs. WAT H: 2 pts, Game vs. MCI A: 2 pts]",,,69,1.95736118162
Asmir Begovic,CHE,5.0,,Goalkeeper,"(WHU-A,LIV-H,STK-A)","[Game vs. NEW A: 2 pts, Game vs. SOU H: 1 pts, Game vs. AVL H: 6 pts]",,,352,1.93913656629
Papiss Demba Cissé,NEW,6.3,,Forward,"(SUN-A,STK-H,BOU-A)","[Game vs. CHE H: 0 pts, Game vs. MCI A: 0 pts, Game vs. NOR H: 1 pts]",100.0,100.0,271,1.93331012633
Darren Randolph,WHU,4.5,,Goalkeeper,"(CHE-H,WAT-A,EVE-H)","[Game vs. NOR H: 0 pts, Game vs. SUN A: 0 pts, Game vs. CRY A: 0 pts]",,,466,1.93225135248
Gabriel Obertan,NEW,4.4,Hamstring injury - Expected back 25 Oct,Midfielder,"(SUN-A,STK-H,BOU-A)","[Game vs. CHE H: 1 pts, Game vs. MCI A: 0 pts, Game vs. NOR H: 0 pts]",0.0,0.0,260,1.90647842181
Danny Rose,TOT,5.2,,Defender,"(BOU-A,AVL-H,ARS-A)","[Game vs. MCI H: 0 pts, Game vs. SWA A: 0 pts, Game vs. LIV H: 9 pts]",100.0,100.0,325,1.89809925086
Claudio Yacob,WBA,4.4,,Midfielder,"(NOR-A,LEI-H,MUN-A)","[Game vs. EVE H: 2 pts, Game vs. CRY A: 1 pts, Game vs. SUN H: 2 pts]",,,458,1.87352805051
Fabio Borini,SUN,5.4,,Forward,"(NEW-H,EVE-A,SOU-H)","[Game vs. MUN A: 2 pts, Game vs. WHU H: 2 pts, Game vs. WBA A: 1 pts]",,,201,1.87127758136
Micah Richards,AVL,4.6,,Defender,"(SWA-H,TOT-A,MCI-H)","[Game vs. LIV A: 1 pts, Game vs. STK H: 2 pts, Game vs. CHE A: 1 pts]",,,42,1.86735858729
Duncan Watmore,SUN,4.4,Hamstring injury - 75% chance of playing,Forward,"(NEW-H,EVE-A,SOU-H)","[Game vs. MUN A: 0 pts, Game vs. WHU H: 0 pts, Game vs. WBA A: 0 pts]",100.0,75.0,556,1.85465911069
Samir Nasri,MCI,6.9,Hamstring injury - 75% chance of playing,Midfielder,"(MUN-A,NOR-H,AVL-A)","[Game vs. TOT A: 1 pts, Game vs. NEW H: 0 pts, Game vs. BOU H: 1 pts]",100.0,75.0,215,1.85271673994
Robert Huth,LEI,4.4,,Defender,"(CRY-H,WBA-A,WAT-H)","[Game vs. ARS H: 0 pts, Game vs. NOR A: 1 pts, Game vs. SOU A: 1 pts]",,,162,1.84681177814
Ashley Westwood,AVL,4.5,,Midfielder,"(SWA-H,TOT-A,MCI-H)","[Game vs. LIV A: 2 pts, Game vs. STK H: 1 pts, Game vs. CHE A: 2 pts]",,,49,1.83051567412
Francis Coquelin,ARS,4.4,,Midfielder,"(EVE-H,SWA-A,TOT-H)","[Game vs. LEI A: 0 pts, Game vs. MUN H: 2 pts, Game vs. WAT A: 3 pts]",100.0,100.0,24,1.82702088528
Danny Graham,SUN,4.4,,Forward,"(NEW-H,EVE-A,SOU-H)","[Game vs. MUN A: 0 pts, Game vs. WHU H: 0 pts, Game vs. WBA A: 1 pts]",100.0,100.0,394,1.80533096895
Brede Hangeland,CRY,4.3,,Defender,"(LEI-A,MUN-H,LIV-A)","[Game vs. WAT A: 8 pts, Game vs. WBA H: 6 pts, Game vs. WHU H: 1 pts]",,,111,1.78609673834
John O'Shea,SUN,4.3,,Defender,"(NEW-H,EVE-A,SOU-H)","[Game vs. MUN A: 1 pts, Game vs. WHU H: 1 pts, Game vs. WBA A: 2 pts]",100.0,100.0,376,1.76774288393
James McClean,WBA,4.7,,Midfielder,"(NOR-A,LEI-H,MUN-A)","[Game vs. EVE H: 2 pts, Game vs. CRY A: 1 pts, Game vs. SUN H: 3 pts]",,,460,1.7624169394
Victor Wanyama,SOU,4.3,,Midfielder,"(LIV-A,BOU-H,SUN-A)","[Game vs. SWA H: 1 pts, Game vs. CHE A: 2 pts, Game vs. LEI H: 1 pts]",100.0,100.0,311,1.71387674042
Aleksandar Mitrovic,NEW,6.2,,Forward,"(SUN-A,STK-H,BOU-A)","[Game vs. CHE H: 2 pts, Game vs. MCI A: 6 pts, Game vs. NOR H: 6 pts]",100.0,100.0,517,1.71108790411
Clinton N'Jie,TOT,7.3,,Forward,"(BOU-A,AVL-H,ARS-A)","[Game vs. MCI H: 4 pts, Game vs. SWA A: 1 pts, Game vs. LIV H: 2 pts]",100.0,100.0,558,1.69575985735
Sergio Romero,MUN,4.6,,Goalkeeper,"(MCI-H,CRY-A,WBA-H)","[Game vs. SUN H: 0 pts, Game vs. ARS A: 0 pts, Game vs. EVE A: 0 pts]",,,524,1.68141704902
Charlie Adam,STK,5.7,,Midfielder,"(WAT-H,NEW-A,CHE-H)","[Game vs. BOU H: 3 pts, Game vs. AVL A: 3 pts, Game vs. SWA A: 3 pts]",100.0,100.0,363,1.65878740285
Steven Taylor,NEW,3.9,Hamstring injury - Expected back 21 Nov,Defender,"(SUN-A,STK-H,BOU-A)","[Game vs. CHE H: 0 pts, Game vs. MCI A: 0 pts, Game vs. NOR H: 0 pts]",0.0,0.0,255,1.65347293899
Max Gradel,BOU,5.8,Knee injury - Unknown return date,Midfielder,"(TOT-H,SOU-A,NEW-H)","[Game vs. STK A: 0 pts, Game vs. WAT H: 0 pts, Game vs. MCI A: 0 pts]",0.0,0.0,535,1.62402784829
Rickie Lambert,WBA,5.5,,Forward,"(NOR-A,LEI-H,MUN-A)","[Game vs. EVE H: 1 pts, Game vs. CRY A: 0 pts, Game vs. SUN H: 1 pts]",,,200,1.6228817556
Alex Oxlade-Chamberlain,ARS,5.6,,Midfielder,"(EVE-H,SWA-A,TOT-H)","[Game vs. LEI A: 1 pts, Game vs. MUN H: 1 pts, Game vs. WAT A: 1 pts]",,,19,1.60479866306
Shinji Okazaki,LEI,5.9,,Forward,"(CRY-H,WBA-A,WAT-H)","[Game vs. ARS H: 1 pts, Game vs. NOR A: 2 pts, Game vs. SOU A: 1 pts]",,,174,1.57266935101
David de Gea,MUN,5.5,,Goalkeeper,"(MCI-H,CRY-A,WBA-H)","[Game vs. SUN H: 7 pts, Game vs. ARS A: 1 pts, Game vs. EVE A: 7 pts]",100.0,100.0,226,1.57030593791
Almen Abdi,WAT,4.7,,Midfielder,"(STK-A,WHU-H,LEI-A)","[Game vs. CRY H: 2 pts, Game vs. BOU A: 2 pts, Game vs. ARS H: 2 pts]",100.0,100.0,434,1.56456166851
Martin Kelly,CRY,4.3,,Defender,"(LEI-A,MUN-H,LIV-A)","[Game vs. WAT A: 6 pts, Game vs. WBA H: 6 pts, Game vs. WHU H: 1 pts]",,,107,1.56387451612
Emre Can,LIV,5.3,,Midfielder,"(SOU-H,CHE-A,CRY-H)","[Game vs. AVL H: 2 pts, Game vs. EVE A: 1 pts, Game vs. TOT A: 3 pts]",,,193,1.56338325704
Lee Tomlin,BOU,4.8,Illness - 75% chance of playing,Forward,"(TOT-H,SOU-A,NEW-H)","[Game vs. STK A: 2 pts, Game vs. WAT H: 0 pts, Game vs. MCI A: 0 pts]",,75.0,536,1.56128865843
Billy Jones,SUN,4.4,,Defender,"(NEW-H,EVE-A,SOU-H)","[Game vs. MUN A: 0 pts, Game vs. WHU H: 1 pts, Game vs. WBA A: 2 pts]",100.0,100.0,378,1.5455206617
Patrick van Aanholt,SUN,4.7,,Defender,"(NEW-H,EVE-A,SOU-H)","[Game vs. MUN A: 1 pts, Game vs. WHU H: 0 pts, Game vs. WBA A: 0 pts]",,,379,1.5455206617
Danny Simpson,LEI,3.9,,Defender,"(CRY-H,WBA-A,WAT-H)","[Game vs. ARS H: 0 pts, Game vs. NOR A: 6 pts, Game vs. SOU A: 1 pts]",,,160,1.5134784448
Florian Thauvin,NEW,6.0,,Midfielder,"(SUN-A,STK-H,BOU-A)","[Game vs. CHE H: 0 pts, Game vs. MCI A: 1 pts, Game vs. NOR H: 0 pts]",,,562,1.50067583487
Pedro Obiang,WHU,4.9,,Midfielder,"(CHE-H,WAT-A,EVE-H)","[Game vs. NOR H: 1 pts, Game vs. SUN A: 0 pts, Game vs. CRY A: 0 pts]",100.0,100.0,481,1.48905216049
Jack Cork,SWA,4.8,,Midfielder,"(AVL-A,ARS-H,NOR-A)","[Game vs. SOU A: 1 pts, Game vs. TOT H: 1 pts, Game vs. STK H: 1 pts]",,,406,1.47092182488
Ben Watson,WAT,4.3,,Midfielder,"(STK-A,WHU-H,LEI-A)","[Game vs. CRY H: 2 pts, Game vs. BOU A: 2 pts, Game vs. ARS H: 2 pts]",,,435,1.4534505574
Matthew Jarvis,NOR,4.9,,Midfielder,"(WBA-H,MCI-A,SWA-H)","[Game vs. WHU A: 0 pts, Game vs. LEI H: 1 pts, Game vs. NEW A: 0 pts]",100.0,100.0,477,1.44009347278
Peter Crouch,STK,5.6,,Forward,"(WAT-H,NEW-A,CHE-H)","[Game vs. BOU H: 0 pts, Game vs. AVL A: 0 pts, Game vs. SWA A: 0 pts]",,,370,1.43809560336
Stephen Ireland,STK,4.8,,Midfielder,"(WAT-H,NEW-A,CHE-H)","[Game vs. BOU H: 0 pts, Game vs. AVL A: 0 pts, Game vs. SWA A: 1 pts]",,,362,1.43656518063
Craig Gardner,WBA,5.3,,Midfielder,"(NOR-A,LEI-H,MUN-A)","[Game vs. EVE H: 1 pts, Game vs. CRY A: 1 pts, Game vs. SUN H: 1 pts]",,,455,1.42908360606
Wayne Hennessey,CRY,3.9,,Goalkeeper,"(LEI-A,MUN-H,LIV-A)","[Game vs. WAT A: 5 pts, Game vs. WBA H: 6 pts, Game vs. WHU H: 1 pts]",,,103,1.41219309197
Reece Oxford,WHU,3.9,,Defender,"(CHE-H,WAT-A,EVE-H)","[Game vs. NOR H: 0 pts, Game vs. SUN A: 0 pts, Game vs. CRY A: 0 pts]",100.0,100.0,473,1.40836947402
Dieumerci Mbokani,NOR,5.7,,Forward,"(WBA-H,MCI-A,SWA-H)","[Game vs. WHU A: 1 pts, Game vs. LEI H: 6 pts, Game vs. NEW A: 6 pts]",,,581,1.40559959479
Eunan O'Kane,BOU,4.3,,Midfielder,"(TOT-H,SOU-A,NEW-H)","[Game vs. STK A: 0 pts, Game vs. WAT H: 1 pts, Game vs. MCI A: 5 pts]",,,70,1.40180562607
Cameron Jerome,NOR,4.8,,Forward,"(WBA-H,MCI-A,SWA-H)","[Game vs. WHU A: 2 pts, Game vs. LEI H: 2 pts, Game vs. NEW A: 1 pts]",100.0,100.0,293,1.3534843997
Damien Delaney,CRY,4.4,,Defender,"(LEI-A,MUN-H,LIV-A)","[Game vs. WAT A: 0 pts, Game vs. WBA H: 0 pts, Game vs. WHU H: 0 pts]",100.0,100.0,108,1.3416522939
Leiva Lucas,LIV,4.4,,Midfielder,"(SOU-H,CHE-A,CRY-H)","[Game vs. AVL H: 2 pts, Game vs. EVE A: 1 pts, Game vs. TOT A: 2 pts]",,,187,1.34116103481
Callum McManaman,WBA,4.7,,Midfielder,"(NOR-A,LEI-H,MUN-A)","[Game vs. EVE H: 0 pts, Game vs. CRY A: 1 pts, Game vs. SUN H: 0 pts]",100.0,100.0,459,1.31797249495
Michael Carrick,MUN,4.9,,Midfielder,"(MCI-H,CRY-A,WBA-H)","[Game vs. SUN H: 3 pts, Game vs. ARS A: 2 pts, Game vs. EVE A: 1 pts]",100.0,100.0,241,1.31569911766
Ashley Young,MUN,5.6,Knock - Expected back 24 Oct,Midfielder,"(MCI-H,CRY-A,WBA-H)","[Game vs. SUN H: 4 pts, Game vs. ARS A: 1 pts, Game vs. EVE A: 0 pts]",0.0,0.0,242,1.31569911766
Christian Fuchs,LEI,4.7,,Defender,"(CRY-H,WBA-A,WAT-H)","[Game vs. ARS H: 0 pts, Game vs. NOR A: 2 pts, Game vs. SOU A: 1 pts]",100.0,100.0,155,1.29125622258
Mauro Zárate,WHU,5.3,,Forward,"(CHE-H,WAT-A,EVE-H)","[Game vs. NOR H: 1 pts, Game vs. SUN A: 1 pts, Game vs. CRY A: 1 pts]",100.0,100.0,487,1.27954249959
Steven Caulker,SOU,5.4,,Defender,"(LIV-A,BOU-H,SUN-A)","[Game vs. SWA H: 0 pts, Game vs. CHE A: 0 pts, Game vs. LEI H: 0 pts]",100.0,100.0,528,1.25828868509
Graham Dorrans,NOR,4.7,,Midfielder,"(WBA-H,MCI-A,SWA-H)","[Game vs. WHU A: 2 pts, Game vs. LEI H: 1 pts, Game vs. NEW A: 1 pts]",,,288,1.25820779183
Siem de Jong,NEW,6.2,,Midfielder,"(SUN-A,STK-H,BOU-A)","[Game vs. CHE H: 1 pts, Game vs. MCI A: 0 pts, Game vs. NOR H: 0 pts]",100.0,100.0,268,1.23981175514
Jonny Evans,WBA,4.8,,Defender,"(NOR-A,LEI-H,MUN-A)","[Game vs. EVE H: 1 pts, Game vs. CRY A: 1 pts, Game vs. SUN H: 6 pts]",50.0,100.0,231,1.23450334185
Valon Behrami,WAT,4.4,Calf injury - 75% chance of playing,Midfielder,"(STK-A,WHU-H,LEI-A)","[Game vs. CRY H: 0 pts, Game vs. BOU A: 0 pts, Game vs. ARS H: 0 pts]",75.0,75.0,501,1.23122833518
Younes Kaboul,SUN,4.3,,Defender,"(NEW-H,EVE-A,SOU-H)","[Game vs. MUN A: 1 pts, Game vs. WHU H: 0 pts, Game vs. WBA A: 2 pts]",75.0,100.0,326,1.21218732837
Divock Origi,LIV,5.6,,Forward,"(SOU-H,CHE-A,CRY-H)","[Game vs. AVL H: 0 pts, Game vs. EVE A: 0 pts, Game vs. TOT A: 2 pts]",,,204,1.19336638765
Mousa Dembélé,TOT,5.3,,Midfielder,"(BOU-A,AVL-H,ARS-A)","[Game vs. MCI H: 0 pts, Game vs. SWA A: 1 pts, Game vs. LIV H: 3 pts]",100.0,100.0,336,1.18118690726
Adam Federici,BOU,4.4,,Goalkeeper,"(TOT-H,SOU-A,NEW-H)","[Game vs. STK A: 0 pts, Game vs. WAT H: 0 pts, Game vs. MCI A: 2 pts]",,,56,1.17669579692
Jack Grealish,AVL,5.4,,Midfielder,"(SWA-H,TOT-A,MCI-H)","[Game vs. LIV A: 2 pts, Game vs. STK H: 1 pts, Game vs. CHE A: 1 pts]",100.0,100.0,47,1.16384900745
Tom Cleverley,EVE,5.1,Lack of match fitness - 75% chance of playing,Midfielder,"(ARS-A,SUN-H,WHU-A)","[Game vs. WBA A: 0 pts, Game vs. LIV H: 0 pts, Game vs. MUN H: 0 pts]",0.0,75.0,139,1.15925489925
Lynden Gooch,SUN,4.5,,Forward,"(NEW-H,EVE-A,SOU-H)","[Game vs. MUN A: 0 pts, Game vs. WHU H: 0 pts, Game vs. WBA A: 0 pts]",,,577,1.15461742735
Calum Chambers,ARS,4.8,,Defender,"(EVE-H,SWA-A,TOT-H)","[Game vs. LEI A: 0 pts, Game vs. MUN H: 0 pts, Game vs. WAT A: 0 pts]",,,12,1.15129088189
Lee Cattermole,SUN,4.3,,Midfielder,"(NEW-H,EVE-A,SOU-H)","[Game vs. MUN A: 1 pts, Game vs. WHU H: 1 pts, Game vs. WBA A: 2 pts]",,,383,1.14866503478
DeAndre Yedlin,SUN,4.4,,Defender,"(NEW-H,EVE-A,SOU-H)","[Game vs. MUN A: 0 pts, Game vs. WHU H: 1 pts, Game vs. WBA A: 2 pts]",100.0,100.0,333,1.14216684097
Adam Lallana,LIV,7.3,,Midfielder,"(SOU-H,CHE-A,CRY-H)","[Game vs. AVL H: 0 pts, Game vs. EVE A: 1 pts, Game vs. TOT A: 3 pts]",100.0,100.0,194,1.11893881259
Yann Kermorgant,BOU,4.6,,Forward,"(TOT-H,SOU-A,NEW-H)","[Game vs. STK A: 0 pts, Game vs. WAT H: 0 pts, Game vs. MCI A: 0 pts]",100.0,100.0,75,1.11684421399
Ibrahim Afellay,STK,5.2,,Midfielder,"(WAT-H,NEW-A,CHE-H)","[Game vs. BOU H: 1 pts, Game vs. AVL A: 1 pts, Game vs. SWA A: 1 pts]",100.0,100.0,525,1.1032318473
Jay Rodriguez,SOU,6.6,,Forward,"(LIV-A,BOU-H,SUN-A)","[Game vs. SWA H: 1 pts, Game vs. CHE A: 1 pts, Game vs. LEI H: 1 pts]",,,319,1.0994700109
Shane Long,SOU,5.8,Ankle injury - Expected back 07 Nov,Forward,"(LIV-A,BOU-H,SUN-A)","[Game vs. SWA H: 0 pts, Game vs. CHE A: 0 pts, Game vs. LEI H: 0 pts]",0.0,0.0,318,1.0994700109
Bastian Schweinsteiger,MUN,6.6,,Midfielder,"(MCI-H,CRY-A,WBA-H)","[Game vs. SUN H: 1 pts, Game vs. ARS A: 2 pts, Game vs. EVE A: 2 pts]",75.0,100.0,496,1.09347689544
Kelechi Iheanacho,MCI,4.9,,Forward,"(MUN-A,NOR-H,AVL-A)","[Game vs. TOT A: 0 pts, Game vs. NEW H: 1 pts, Game vs. BOU H: 1 pts]",100.0,100.0,542,1.0914948557
Ramires Santos do Nascimento,CHE,5.3,,Midfielder,"(WHU-A,LIV-H,STK-A)","[Game vs. NEW A: 6 pts, Game vs. SOU H: 0 pts, Game vs. AVL H: 3 pts]",,,91,1.09086590417
Oscar dos Santos Emboaba Junior,CHE,8.3,,Midfielder,"(WHU-A,LIV-H,STK-A)","[Game vs. NEW A: 2 pts, Game vs. SOU H: 2 pts, Game vs. AVL H: 0 pts]",100.0,100.0,88,1.09086590417
Jonas Olsson,WBA,4.5,,Defender,"(NOR-A,LEI-H,MUN-A)","[Game vs. EVE H: 1 pts, Game vs. CRY A: 0 pts, Game vs. SUN H: 0 pts]",25.0,100.0,447,1.08464851167
James Collins,WHU,4.3,,Defender,"(CHE-H,WAT-A,EVE-H)","[Game vs. NOR H: 0 pts, Game vs. SUN A: 1 pts, Game vs. CRY A: 2 pts]",,,467,1.07503614068
Joleon Lescott,AVL,4.8,,Defender,"(SWA-H,TOT-A,MCI-H)","[Game vs. LIV A: 1 pts, Game vs. STK H: 1 pts, Game vs. CHE A: 1 pts]",100.0,100.0,449,1.07455224852
Yohan Benalouane,LEI,4.4,,Defender,"(CRY-H,WBA-A,WAT-H)","[Game vs. ARS H: 0 pts, Game vs. NOR A: 1 pts, Game vs. SOU A: 0 pts]",100.0,100.0,533,1.06903400036
Curtis Good,NEW,4.0,Hip injury - Unknown return date,Defender,"(SUN-A,STK-H,BOU-A)","[Game vs. CHE H: 0 pts, Game vs. MCI A: 0 pts, Game vs. NOR H: 0 pts]",0.0,0.0,596,1.05901332434
Nathan Dyer,LEI,4.7,,Midfielder,"(CRY-H,WBA-A,WAT-H)","[Game vs. ARS H: 0 pts, Game vs. NOR A: 0 pts, Game vs. SOU A: 4 pts]",100.0,100.0,409,1.04109523131
Sebastian Larsson,SUN,5.1,,Midfielder,"(NEW-H,EVE-A,SOU-H)","[Game vs. MUN A: 1 pts, Game vs. WHU H: 1 pts, Game vs. WBA A: 2 pts]",,,384,1.03755392367
Alexander Tettey,NOR,4.3,,Midfielder,"(WBA-H,MCI-A,SWA-H)","[Game vs. WHU A: 2 pts, Game vs. LEI H: 2 pts, Game vs. NEW A: 2 pts]",,,289,1.03598556961
Cheick Tioté,NEW,4.4,,Midfielder,"(SUN-A,STK-H,BOU-A)","[Game vs. CHE H: 0 pts, Game vs. MCI A: 1 pts, Game vs. NOR H: 0 pts]",100.0,100.0,261,1.01758953292
Rolando Aarons,NEW,4.6,,Midfielder,"(SUN-A,STK-H,BOU-A)","[Game vs. CHE H: 0 pts, Game vs. MCI A: 0 pts, Game vs. NOR H: 0 pts]",0.0,100.0,270,1.01758953292
Sylvain Distin,BOU,4.3,,Defender,"(TOT-H,SOU-A,NEW-H)","[Game vs. STK A: 1 pts, Game vs. WAT H: 2 pts, Game vs. MCI A: 0 pts]",,,63,1.01419742221
Roberto Firmino,LIV,8.0,,Midfielder,"(SOU-H,CHE-A,CRY-H)","[Game vs. AVL H: 0 pts, Game vs. EVE A: 0 pts, Game vs. TOT A: 0 pts]",0.0,100.0,198,1.00782770148
Jordon Ibe,LIV,4.6,,Midfielder,"(SOU-H,CHE-A,CRY-H)","[Game vs. AVL H: 0 pts, Game vs. EVE A: 0 pts, Game vs. TOT A: 1 pts]",,,192,1.00782770148
Andy King,LEI,4.3,,Midfielder,"(CRY-H,WBA-A,WAT-H)","[Game vs. ARS H: 1 pts, Game vs. NOR A: 1 pts, Game vs. SOU A: 0 pts]",,,165,1.00254119023
Paul Dummett,NEW,4.3,,Defender,"(SUN-A,STK-H,BOU-A)","[Game vs. CHE H: 0 pts, Game vs. MCI A: 0 pts, Game vs. NOR H: 1 pts]",100.0,100.0,258,0.986806272322
Marc Muniesa,STK,4.4,,Defender,"(WAT-H,NEW-A,CHE-H)","[Game vs. BOU H: 0 pts, Game vs. AVL A: 0 pts, Game vs. SWA A: 0 pts]",,,359,0.964729474308
Idrissa Gueye,AVL,4.8,,Midfielder,"(SWA-H,TOT-A,MCI-H)","[Game vs. LIV A: 2 pts, Game vs. STK H: 2 pts, Game vs. CHE A: 2 pts]",100.0,100.0,493,0.941626785229
Adam Johnson,SUN,5.8,,Midfielder,"(NEW-H,EVE-A,SOU-H)","[Game vs. MUN A: 0 pts, Game vs. WHU H: 0 pts, Game vs. WBA A: 1 pts]",100.0,100.0,389,0.926442812562
Jack Rodwell,SUN,4.8,Ankle injury - 75% chance of playing,Midfielder,"(NEW-H,EVE-A,SOU-H)","[Game vs. MUN A: 0 pts, Game vs. WHU H: 1 pts, Game vs. WBA A: 0 pts]",100.0,75.0,385,0.926442812562
Steven Whittaker,NOR,4.5,,Defender,"(WBA-H,MCI-A,SWA-H)","[Game vs. WHU A: 1 pts, Game vs. LEI H: 1 pts, Game vs. NEW A: -1 pts]",100.0,100.0,278,0.912764283236
Yoan Gouffran,NEW,5.6,,Midfielder,"(SUN-A,STK-H,BOU-A)","[Game vs. CHE H: 0 pts, Game vs. MCI A: 2 pts, Game vs. NOR H: 0 pts]",,,266,0.906478421811
Tommy Elphick,BOU,4.4,Ankle injury - Expected back 26 Dec,Defender,"(TOT-H,SOU-A,NEW-H)","[Game vs. STK A: 0 pts, Game vs. WAT H: 0 pts, Game vs. MCI A: 0 pts]",0.0,0.0,59,0.903086311101
Tokelo Rantie,BOU,4.3,,Forward,"(TOT-H,SOU-A,NEW-H)","[Game vs. STK A: 0 pts, Game vs. WAT H: 0 pts, Game vs. MCI A: 0 pts]",,,76,0.894621991764
Gary Cahill,CHE,6.3,,Defender,"(WHU-A,LIV-H,STK-A)","[Game vs. NEW A: 1 pts, Game vs. SOU H: 1 pts, Game vs. AVL H: 0 pts]",100.0,100.0,81,0.881145942382
Adam Matthews,SUN,4.3,Ankle injury - Expected back 25 Oct,Defender,"(NEW-H,EVE-A,SOU-H)","[Game vs. MUN A: 0 pts, Game vs. WHU H: 0 pts, Game vs. WBA A: 0 pts]",0.0,0.0,490,0.878853995037
Sebastián Coates,SUN,4.2,,Defender,"(NEW-H,EVE-A,SOU-H)","[Game vs. MUN A: 0 pts, Game vs. WHU H: 0 pts, Game vs. WBA A: 0 pts]",0.0,100.0,382,0.878853995037
Tyias Browning,EVE,4.0,,Defender,"(ARS-A,SUN-H,WHU-A)","[Game vs. WBA A: 1 pts, Game vs. LIV H: 2 pts, Game vs. MUN H: 0 pts]",,,136,0.877472141619
Michael Williamson,NEW,4.2,,Defender,"(SUN-A,STK-H,BOU-A)","[Game vs. CHE H: 0 pts, Game vs. MCI A: 0 pts, Game vs. NOR H: 0 pts]",,,254,0.87569516121
Jamaal Lascelles,NEW,4.3,,Defender,"(SUN-A,STK-H,BOU-A)","[Game vs. CHE H: 0 pts, Game vs. MCI A: 0 pts, Game vs. NOR H: 0 pts]",,,506,0.87569516121
Mario Balotelli,LIV,6.9,Joined AC Milan in season-long loan deal,Forward,"(SOU-H,CHE-A,CRY-H)","[Game vs. AVL H: 0 pts, Game vs. EVE A: 0 pts, Game vs. TOT A: 0 pts]",0.0,0.0,202,0.860033054317
Radamel Falcao García Zárate,CHE,7.0,,Forward,"(WHU-A,LIV-H,STK-A)","[Game vs. NEW A: 1 pts, Game vs. SOU H: 1 pts, Game vs. AVL H: 0 pts]",100.0,100.0,101,0.845841269889
Carles Gil de Pareja Vicent,AVL,4.8,,Midfielder,"(SWA-H,TOT-A,MCI-H)","[Game vs. LIV A: 0 pts, Game vs. STK H: 1 pts, Game vs. CHE A: 2 pts]",100.0,100.0,44,0.830515674118
Carlos Sánchez,AVL,4.4,,Midfielder,"(SWA-H,TOT-A,MCI-H)","[Game vs. LIV A: 1 pts, Game vs. STK H: 0 pts, Game vs. CHE A: 0 pts]",,,50,0.830515674118
Wojciech Szczesny,ARS,5.0,Joined Roma in season-long loan deal. - Expected back 16 May,Goalkeeper,"(EVE-H,SWA-A,TOT-H)","[Game vs. LEI A: 0 pts, Game vs. MUN H: 0 pts, Game vs. WAT A: 0 pts]",0.0,0.0,1,0.829198707281
David Ospina,ARS,4.7,Shoulder injury - Expected back 21 Nov,Goalkeeper,"(EVE-H,SWA-A,TOT-H)","[Game vs. LEI A: 0 pts, Game vs. MUN H: 0 pts, Game vs. WAT A: 0 pts]",,0.0,2,0.829198707281
Jordi Gomez Garcia-Penche,SUN,4.9,,Midfielder,"(NEW-H,EVE-A,SOU-H)","[Game vs. MUN A: 0 pts, Game vs. WHU H: 1 pts, Game vs. WBA A: 2 pts]",100.0,100.0,386,0.815331701451
Ryan Bertrand,SOU,5.3,,Defender,"(LIV-A,BOU-H,SUN-A)","[Game vs. SWA H: 2 pts, Game vs. CHE A: 1 pts, Game vs. LEI H: 0 pts]",100.0,100.0,301,0.813844240646
Oriol Romeu Vidal,SOU,4.3,,Midfielder,"(LIV-A,BOU-H,SUN-A)","[Game vs. SWA H: 0 pts, Game vs. CHE A: 0 pts, Game vs. LEI H: 0 pts]",,,553,0.811959551186
Kelvin Davis,SOU,4.3,,Goalkeeper,"(LIV-A,BOU-H,SUN-A)","[Game vs. SWA H: 0 pts, Game vs. CHE A: 0 pts, Game vs. LEI H: 2 pts]",,,299,0.805803232959
Sung-yueng Ki,SWA,5.2,,Midfielder,"(AVL-A,ARS-H,NOR-A)","[Game vs. SOU A: 2 pts, Game vs. TOT H: 2 pts, Game vs. STK H: 1 pts]",100.0,100.0,413,0.804255158216
Sebastien Bassong,NOR,4.4,,Defender,"(WBA-H,MCI-A,SWA-H)","[Game vs. WHU A: 1 pts, Game vs. LEI H: 1 pts, Game vs. NEW A: -1 pts]",,,277,0.801653172125
Nikica Jelavic,WHU,5.7,,Forward,"(CHE-H,WAT-A,EVE-H)","[Game vs. NOR H: 0 pts, Game vs. SUN A: 1 pts, Game vs. CRY A: 3 pts]",,,584,0.798143431801
Mamadou Sakho,LIV,4.8,,Defender,"(SOU-H,CHE-A,CRY-H)","[Game vs. AVL H: 1 pts, Game vs. EVE A: 1 pts, Game vs. TOT A: 6 pts]",,,180,0.773249676758
Branislav Ivanovic,CHE,6.6,Hamstring injury - Expected back 07 Nov,Defender,"(WHU-A,LIV-H,STK-A)","[Game vs. NEW A: 0 pts, Game vs. SOU H: 1 pts, Game vs. AVL H: 0 pts]",0.0,0.0,79,0.770034831271
Santiago Vergini,SUN,4.5,Season loan to Getafe CF,Defender,"(NEW-H,EVE-A,SOU-H)","[Game vs. MUN A: 0 pts, Game vs. WHU H: 0 pts, Game vs. WBA A: 0 pts]",,,380,0.767742883926
Wes Brown,SUN,4.3,,Defender,"(NEW-H,EVE-A,SOU-H)","[Game vs. MUN A: 0 pts, Game vs. WHU H: 0 pts, Game vs. WBA A: 0 pts]",100.0,100.0,381,0.767742883926
Valentin Roberge,SUN,4.0,Not in squad of 25,Defender,"(NEW-H,EVE-A,SOU-H)","[Game vs. MUN A: 0 pts, Game vs. WHU H: 0 pts, Game vs. WBA A: 0 pts]",,,377,0.767742883926
Adnan Januzaj,MUN,5.5,Joined Borussia Dortmund in season-long loan deal,Midfielder,"(MCI-H,CRY-A,WBA-H)","[Game vs. SUN H: 0 pts, Game vs. ARS A: 0 pts, Game vs. EVE A: 0 pts]",0.0,0.0,243,0.760143562102
Dwight Gayle,CRY,5.1,Suspended until 28 Oct,Forward,"(LEI-A,MUN-H,LIV-A)","[Game vs. WAT A: 2 pts, Game vs. WBA H: 2 pts, Game vs. WHU H: 1 pts]",,0.0,124,0.750569364611
Fernando Francisco Reges,MCI,4.9,,Midfielder,"(MUN-A,NOR-H,AVL-A)","[Game vs. TOT A: 2 pts, Game vs. NEW H: 2 pts, Game vs. BOU H: 1 pts]",100.0,100.0,220,0.741605628825
Removed Player,LEI,5.0,-,Defender,"(CRY-H,WBA-A,WAT-H)","[Game vs. ARS H: 0 pts, Game vs. NOR A: 0 pts, Game vs. SOU A: 0 pts]",,,534,0.735700667025
Marcin Wasilewski,LEI,4.2,,Defender,"(CRY-H,WBA-A,WAT-H)","[Game vs. ARS H: 0 pts, Game vs. NOR A: 0 pts, Game vs. SOU A: 0 pts]",,,157,0.735700667025
Liam Moore,LEI,3.9,Joined Bristol City on loan until January. - Expected back 09 Jan,Defender,"(CRY-H,WBA-A,WAT-H)","[Game vs. ARS H: 0 pts, Game vs. NOR A: 0 pts, Game vs. SOU A: 0 pts]",0.0,0.0,161,0.735700667025
Paul Konchesky,LEI,4.5,Joined QPR on season-long loan deal,Defender,"(CRY-H,WBA-A,WAT-H)","[Game vs. ARS H: 0 pts, Game vs. NOR A: 0 pts, Game vs. SOU A: 0 pts]",0.0,0.0,158,0.735700667025
Joshua King,BOU,4.6,,Midfielder,"(TOT-H,SOU-A,NEW-H)","[Game vs. STK A: 1 pts, Game vs. WAT H: 2 pts, Game vs. MCI A: 1 pts]",100.0,100.0,66,0.735138959399
Ederzito Antonio Macedo Lopes,SWA,5.1,,Forward,"(AVL-A,ARS-H,NOR-A)","[Game vs. SOU A: 1 pts, Game vs. TOT H: 0 pts, Game vs. STK H: 1 pts]",,,420,0.730955219328
Gökhan Inler,LEI,4.7,,Midfielder,"(CRY-H,WBA-A,WAT-H)","[Game vs. ARS H: 0 pts, Game vs. NOR A: 0 pts, Game vs. SOU A: 0 pts]",,,561,0.720956480132
Bryan Oviedo,EVE,4.4,,Midfielder,"(ARS-A,SUN-H,WHU-A)","[Game vs. WBA A: 0 pts, Game vs. LIV H: 0 pts, Game vs. MUN H: 0 pts]",100.0,100.0,147,0.714810454801
Vito Mannone,SUN,4.3,,Goalkeeper,"(NEW-H,EVE-A,SOU-H)","[Game vs. MUN A: 0 pts, Game vs. WHU H: 0 pts, Game vs. WBA A: 0 pts]",,,374,0.714750382356
Kieran Gibbs,ARS,5.2,,Defender,"(EVE-H,SWA-A,TOT-H)","[Game vs. LEI A: 0 pts, Game vs. MUN H: 1 pts, Game vs. WAT A: 0 pts]",,,8,0.706846437443
Cuco Martina,SOU,4.2,,Defender,"(LIV-A,BOU-H,SUN-A)","[Game vs. SWA H: 0 pts, Game vs. CHE A: 0 pts, Game vs. LEI H: 0 pts]",,,489,0.702733129535
Martin Olsson,NOR,4.4,,Defender,"(WBA-H,MCI-A,SWA-H)","[Game vs. WHU A: 1 pts, Game vs. LEI H: 0 pts, Game vs. NEW A: 6 pts]",100.0,100.0,280,0.690542061014
Mehdi Abeid,NEW,4.5,Joined Panathinaikos on 21/8,Midfielder,"(SUN-A,STK-H,BOU-A)","[Game vs. CHE H: 0 pts, Game vs. MCI A: 0 pts, Game vs. NOR H: 0 pts]",0.0,0.0,262,0.684256199589
Sammy Ameobi,NEW,5.0,Season loan to Cardiff,Midfielder,"(SUN-A,STK-H,BOU-A)","[Game vs. CHE H: 0 pts, Game vs. MCI A: 0 pts, Game vs. NOR H: 0 pts]",,,267,0.684256199589
Rémy Cabella,NEW,6.5,Joined Marseille in season-long loan deal,Midfielder,"(SUN-A,STK-H,BOU-A)","[Game vs. CHE H: 0 pts, Game vs. MCI A: 0 pts, Game vs. NOR H: 0 pts]",0.0,0.0,269,0.684256199589
Adam Smith,BOU,4.0,,Defender,"(TOT-H,SOU-A,NEW-H)","[Game vs. STK A: 1 pts, Game vs. WAT H: 1 pts, Game vs. MCI A: 0 pts]",,,61,0.680864088878
Emmanuel Adebayor,TOT,5.8,Released,Forward,"(BOU-A,AVL-H,ARS-A)","[Game vs. MCI H: 0 pts, Game vs. SWA A: 0 pts, Game vs. LIV H: 0 pts]",100.0,100.0,349,0.677020675866
Roberto Soldado,TOT,5.9,Transferred to Villarreal,Forward,"(BOU-A,AVL-H,ARS-A)","[Game vs. MCI H: 0 pts, Game vs. SWA A: 0 pts, Game vs. LIV H: 0 pts]",0.0,0.0,351,0.677020675866
Steven Berghuis,WAT,5.6,,Midfielder,"(STK-A,WHU-H,LEI-A)","[Game vs. CRY H: 1 pts, Game vs. BOU A: 0 pts, Game vs. ARS H: 1 pts]",100.0,100.0,526,0.675672779625
Jordan Henderson,LIV,6.6,Foot injury - Unknown return date,Midfielder,"(SOU-H,CHE-A,CRY-H)","[Game vs. AVL H: 0 pts, Game vs. EVE A: 0 pts, Game vs. TOT A: 0 pts]",0.0,0.0,188,0.674494368146
Aaron Lennon,EVE,5.7,,Midfielder,"(ARS-A,SUN-H,WHU-A)","[Game vs. WBA A: 1 pts, Game vs. LIV H: 1 pts, Game vs. MUN H: 2 pts]",,,346,0.664124153309
Robert Elliot,NEW,4.0,,Goalkeeper,"(SUN-A,STK-H,BOU-A)","[Game vs. CHE H: 0 pts, Game vs. MCI A: 0 pts, Game vs. NOR H: 2 pts]",,,253,0.661358788515
Peter Odemwingie,STK,4.8,,Midfielder,"(WAT-H,NEW-A,CHE-H)","[Game vs. BOU H: 0 pts, Game vs. AVL A: 0 pts, Game vs. SWA A: 0 pts]",100.0,100.0,369,0.658787402853
Nicolás Otamendi,MCI,6.5,,Defender,"(MUN-A,NOR-H,AVL-A)","[Game vs. TOT A: 0 pts, Game vs. NEW H: 2 pts, Game vs. BOU H: 1 pts]",,,564,0.638241041797
Reece Burke,WHU,3.9,Joined Bradford in one-month loan deal on 20/8. - Expected back 26 Sep,Defender,"(CHE-H,WAT-A,EVE-H)","[Game vs. NOR H: 0 pts, Game vs. SUN A: 0 pts, Game vs. CRY A: 0 pts]",0.0,0.0,472,0.630591696238
Joey O'Brien,WHU,4.4,,Defender,"(CHE-H,WAT-A,EVE-H)","[Game vs. NOR H: 0 pts, Game vs. SUN A: 0 pts, Game vs. CRY A: 0 pts]",100.0,100.0,468,0.630591696238
Modibo Maiga,WHU,4.5,Left club on 28/8,Forward,"(CHE-H,WAT-A,EVE-H)","[Game vs. NOR H: 0 pts, Game vs. SUN A: 0 pts, Game vs. CRY A: 0 pts]",0.0,0.0,486,0.61287583292
Gabriel Agbonlahor,AVL,4.8,Calf injury - Expected back 24 Oct,Forward,"(SWA-H,TOT-A,MCI-H)","[Game vs. LIV A: 0 pts, Game vs. STK H: 0 pts, Game vs. CHE A: 0 pts]",0.0,0.0,52,0.610207185852
Mathieu Debuchy,ARS,5.2,,Defender,"(EVE-H,SWA-A,TOT-H)","[Game vs. LEI A: 0 pts, Game vs. MUN H: 0 pts, Game vs. WAT A: 0 pts]",,,9,0.595735326332
Ramiro Funes Mori,EVE,5.5,,Defender,"(ARS-A,SUN-H,WHU-A)","[Game vs. WBA A: 1 pts, Game vs. LIV H: 2 pts, Game vs. MUN H: 0 pts]",,,583,0.591844580893
Paulo Gazzaniga,SOU,4.5,,Goalkeeper,"(LIV-A,BOU-H,SUN-A)","[Game vs. SWA H: 0 pts, Game vs. CHE A: 0 pts, Game vs. LEI H: 0 pts]",,,549,0.583581010737
Fraser Forster,SOU,4.9,Knee injury - Unknown return date,Goalkeeper,"(LIV-A,BOU-H,SUN-A)","[Game vs. SWA H: 0 pts, Game vs. CHE A: 0 pts, Game vs. LEI H: 0 pts]",0.0,0.0,298,0.583581010737
Steve Sidwell,STK,4.3,,Midfielder,"(WAT-H,NEW-A,CHE-H)","[Game vs. BOU H: 0 pts, Game vs. AVL A: 0 pts, Game vs. SWA A: 0 pts]",,,367,0.547676291742
Connor Wickham,CRY,5.6,Calf injury - Expected back 31 Oct,Forward,"(LEI-A,MUN-H,LIV-A)","[Game vs. WAT A: 0 pts, Game vs. WBA H: 0 pts, Game vs. WHU H: 0 pts]",0.0,0.0,391,0.528347142389
Nabil Bentaleb,TOT,4.3,Ankle injury - Expected back 25 Oct,Midfielder,"(BOU-A,AVL-H,ARS-A)","[Game vs. MCI H: 0 pts, Game vs. SWA A: 0 pts, Game vs. LIV H: 0 pts]",0.0,0.0,342,0.514520240595
Victor Anichebe,WBA,4.7,,Forward,"(NOR-A,LEI-H,MUN-A)","[Game vs. EVE H: 0 pts, Game vs. CRY A: 0 pts, Game vs. SUN H: 0 pts]",,,461,0.511770644485
Andy Carroll,WHU,6.4,,Forward,"(CHE-H,WAT-A,EVE-H)","[Game vs. NOR H: 4 pts, Game vs. SUN A: 0 pts, Game vs. CRY A: 1 pts]",100.0,100.0,483,0.501764721809
Jordan Veretout,AVL,5.6,,Midfielder,"(SWA-H,TOT-A,MCI-H)","[Game vs. LIV A: 1 pts, Game vs. STK H: 2 pts, Game vs. CHE A: 0 pts]",,,530,0.497182340785
Michel Vorm,TOT,4.4,,Goalkeeper,"(BOU-A,AVL-H,ARS-A)","[Game vs. MCI H: 0 pts, Game vs. SWA A: 0 pts, Game vs. LIV H: 0 pts]",,,324,0.494692121848
Mikel Arteta,ARS,4.7,Ankle injury - Expected back 31 Oct,Midfielder,"(EVE-H,SWA-A,TOT-H)","[Game vs. LEI A: 1 pts, Game vs. MUN H: 0 pts, Game vs. WAT A: 1 pts]",100.0,0.0,20,0.493687551947
Jonathan Maddison,LEI,4.0,,Goalkeeper,"(CRY-H,WBA-A,WAT-H)","[Game vs. ARS H: 0 pts, Game vs. NOR A: 0 pts, Game vs. SOU A: 0 pts]",,,555,0.481913233458
Florin Gardos,SOU,4.4,Knee injury - Unknown return date,Defender,"(LIV-A,BOU-H,SUN-A)","[Game vs. SWA H: 0 pts, Game vs. CHE A: 0 pts, Game vs. LEI H: 0 pts]",0.0,0.0,305,0.480510907313
Alessandro Diamanti,WAT,5.2,,Midfielder,"(STK-A,WHU-H,LEI-A)","[Game vs. CRY H: 0 pts, Game vs. BOU A: 0 pts, Game vs. ARS H: 0 pts]",,,560,0.475793772921
Leonardo Ulloa,LEI,5.4,Thigh injury - Expected back 31 Oct,Forward,"(CRY-H,WBA-A,WAT-H)","[Game vs. ARS H: 4 pts, Game vs. NOR A: 1 pts, Game vs. SOU A: 0 pts]",,0.0,171,0.461558239898
Ben Hamer,LEI,4.0,Joined Nottingham Forest on a season-long loan on 25/7. - Expected back 09 May,Goalkeeper,"(CRY-H,WBA-A,WAT-H)","[Game vs. ARS H: 0 pts, Game vs. NOR A: 0 pts, Game vs. SOU A: 0 pts]",0.0,0.0,153,0.443362463587
Mark Schwarzer,LEI,4.0,,Goalkeeper,"(CRY-H,WBA-A,WAT-H)","[Game vs. ARS H: 0 pts, Game vs. NOR A: 0 pts, Game vs. SOU A: 0 pts]",100.0,100.0,503,0.443362463587
Sylvain Marveaux,NEW,4.5,,Midfielder,"(SUN-A,STK-H,BOU-A)","[Game vs. CHE H: 0 pts, Game vs. MCI A: 0 pts, Game vs. NOR H: 0 pts]",100.0,100.0,597,0.441602594401
Gael Bigirimana,NEW,4.5,,Midfielder,"(SUN-A,STK-H,BOU-A)","[Game vs. CHE H: 0 pts, Game vs. MCI A: 0 pts, Game vs. NOR H: 0 pts]",,,595,0.441602594401
Karl Darlow,NEW,4.0,Ankle injury - Expected back 14 Nov,Goalkeeper,"(SUN-A,STK-H,BOU-A)","[Game vs. CHE H: 0 pts, Game vs. MCI A: 0 pts, Game vs. NOR H: 0 pts]",0.0,0.0,505,0.439136566293
John Terry,CHE,6.7,,Defender,"(WHU-A,LIV-H,STK-A)","[Game vs. NEW A: 0 pts, Game vs. SOU H: 1 pts, Game vs. AVL H: 7 pts]",100.0,100.0,78,0.436701497937
Steven N'Zonzi,STK,5.0,Transferred to Seville,Midfielder,"(WAT-H,NEW-A,CHE-H)","[Game vs. BOU H: 0 pts, Game vs. AVL A: 0 pts, Game vs. SWA A: 0 pts]",,,366,0.436565180631
Mohamed El Ouriachi,STK,4.3,,Midfielder,"(WAT-H,NEW-A,CHE-H)","[Game vs. BOU H: 0 pts, Game vs. AVL A: 0 pts, Game vs. SWA A: 0 pts]",,,509,0.436565180631
Stéphane Sessegnon,WBA,5.1,,Midfielder,"(NOR-A,LEI-H,MUN-A)","[Game vs. EVE H: 0 pts, Game vs. CRY A: 0 pts, Game vs. SUN H: 3 pts]",,,454,0.429083606063
John Obi Mikel,CHE,4.3,,Midfielder,"(WHU-A,LIV-H,STK-A)","[Game vs. NEW A: 0 pts, Game vs. SOU H: 0 pts, Game vs. AVL H: 0 pts]",,,94,0.4241992375
Leandro Bacuna,AVL,4.8,,Defender,"(SWA-H,TOT-A,MCI-H)","[Game vs. LIV A: 0 pts, Game vs. STK H: 0 pts, Game vs. CHE A: 0 pts]",,,32,0.422914142843
Marc Wilson,STK,4.5,,Defender,"(WAT-H,NEW-A,CHE-H)","[Game vs. BOU H: 0 pts, Game vs. AVL A: 0 pts, Game vs. SWA A: 0 pts]",100.0,100.0,356,0.409173918753
Pablo Zabaleta,MCI,5.8,,Defender,"(MUN-A,NOR-H,AVL-A)","[Game vs. TOT A: 0 pts, Game vs. NEW H: 1 pts, Game vs. BOU H: 2 pts]",100.0,100.0,208,0.408811085734
Martín Demichelis,MCI,5.4,,Defender,"(MUN-A,NOR-H,AVL-A)","[Game vs. TOT A: -1 pts, Game vs. NEW H: 0 pts, Game vs. BOU H: 0 pts]",100.0,100.0,211,0.408811085734
Fabian Delph,MCI,5.4,Hamstring injury - Expected back 31 Oct,Midfielder,"(MUN-A,NOR-H,AVL-A)","[Game vs. TOT A: 0 pts, Game vs. NEW H: 0 pts, Game vs. BOU H: 0 pts]",0.0,0.0,43,0.408272295491
Tom Carroll,TOT,4.7,,Midfielder,"(BOU-A,AVL-H,ARS-A)","[Game vs. MCI H: 1 pts, Game vs. SWA A: 0 pts, Game vs. LIV H: 0 pts]",,,347,0.403409129484
Loïc Remy,CHE,7.1,Knock - Expected back 31 Oct,Forward,"(WHU-A,LIV-H,STK-A)","[Game vs. NEW A: 2 pts, Game vs. SOU H: 1 pts, Game vs. AVL H: 1 pts]",,0.0,99,0.401396825444
Georgios Samaras,WBA,4.4,Released July 2015,Forward,"(NOR-A,LEI-H,MUN-A)","[Game vs. EVE H: 0 pts, Game vs. CRY A: 0 pts, Game vs. SUN H: 0 pts]",,,464,0.400659533374
Brown Ideye,WBA,5.3,Joined Olympiakos on 31/8,Forward,"(NOR-A,LEI-H,MUN-A)","[Game vs. EVE H: 0 pts, Game vs. CRY A: 0 pts, Game vs. SUN H: 0 pts]",0.0,0.0,463,0.400659533374
Angel Rangel,SWA,4.2,,Defender,"(AVL-A,ARS-H,NOR-A)","[Game vs. SOU A: 0 pts, Game vs. TOT H: 1 pts, Game vs. STK H: 2 pts]",,,400,0.396473172429
Kyle Knoyle,WHU,4.0,,Defender,"(CHE-H,WAT-A,EVE-H)","[Game vs. NOR H: 0 pts, Game vs. SUN A: 0 pts, Game vs. CRY A: 0 pts]",,,579,0.390452525703
Darron Gibson,EVE,4.4,,Midfielder,"(ARS-A,SUN-H,WHU-A)","[Game vs. WBA A: 1 pts, Game vs. LIV H: 0 pts, Game vs. MUN H: 0 pts]",100.0,100.0,145,0.381477121468
Muhamed Besic,EVE,4.4,Hamstring injury - Expected back 31 Oct,Midfielder,"(ARS-A,SUN-H,WHU-A)","[Game vs. WBA A: 0 pts, Game vs. LIV H: 0 pts, Game vs. MUN H: 0 pts]",0.0,0.0,146,0.381477121468
Kevin Mirallas,EVE,6.8,,Midfielder,"(ARS-A,SUN-H,WHU-A)","[Game vs. WBA A: 0 pts, Game vs. LIV H: 0 pts, Game vs. MUN H: 0 pts]",100.0,100.0,137,0.381477121468
Kevin Nolan,WHU,5.4,Left club by mutual consent on 27/8,Midfielder,"(CHE-H,WAT-A,EVE-H)","[Game vs. NOR H: 0 pts, Game vs. SUN A: 0 pts, Game vs. CRY A: 0 pts]",0.0,0.0,476,0.377941049382
Joe Ledley,CRY,4.8,,Midfielder,"(LEI-A,MUN-H,LIV-A)","[Game vs. WAT A: 3 pts, Game vs. WBA H: 1 pts, Game vs. WHU H: 1 pts]",100.0,100.0,116,0.357597369573
Marouane Fellaini,MUN,6.2,,Midfielder,"(MCI-H,CRY-A,WBA-H)","[Game vs. SUN H: 0 pts, Game vs. ARS A: 1 pts, Game vs. EVE A: 1 pts]",100.0,100.0,239,0.315699117658
Alan Hutton,AVL,4.3,,Defender,"(SWA-H,TOT-A,MCI-H)","[Game vs. LIV A: 4 pts, Game vs. STK H: 2 pts, Game vs. CHE A: -1 pts]",,,37,0.311803031732
Patrick Roberts,MCI,4.3,,Midfielder,"(MUN-A,NOR-H,AVL-A)","[Game vs. TOT A: 1 pts, Game vs. NEW H: 0 pts, Game vs. BOU H: 0 pts]",,,516,0.29716118438
Andros Townsend,TOT,5.9,,Midfielder,"(BOU-A,AVL-H,ARS-A)","[Game vs. MCI H: 0 pts, Game vs. SWA A: 1 pts, Game vs. LIV H: 1 pts]",100.0,100.0,337,0.292298018373
Modou Barrow,SWA,4.4,,Forward,"(AVL-A,ARS-H,NOR-A)","[Game vs. SOU A: 0 pts, Game vs. TOT H: 1 pts, Game vs. STK H: 1 pts]",100.0,100.0,419,0.286510774883
Marcos Rojo,MUN,5.4,,Defender,"(MCI-H,CRY-A,WBA-H)","[Game vs. SUN H: 0 pts, Game vs. ARS A: 0 pts, Game vs. EVE A: 8 pts]",50.0,100.0,235,0.274364386741
Antonio Valencia,MUN,5.2,,Defender,"(MCI-H,CRY-A,WBA-H)","[Game vs. SUN H: 6 pts, Game vs. ARS A: 1 pts, Game vs. EVE A: 0 pts]",100.0,100.0,237,0.274364386741
Thibaut Courtois,CHE,5.2,Knee injury - Expected back 19 Dec,Goalkeeper,"(WHU-A,LIV-H,STK-A)","[Game vs. NEW A: 0 pts, Game vs. SOU H: 0 pts, Game vs. AVL H: 0 pts]",0.0,0.0,77,0.272469899626
Steven Pienaar,EVE,4.8,Lack of match fitness - 50% chance of playing,Midfielder,"(ARS-A,SUN-H,WHU-A)","[Game vs. WBA A: 0 pts, Game vs. LIV H: 0 pts, Game vs. MUN H: 0 pts]",0.0,50.0,143,0.270366010357
Aiden McGeady,EVE,5.0,,Midfielder,"(ARS-A,SUN-H,WHU-A)","[Game vs. WBA A: 0 pts, Game vs. LIV H: 0 pts, Game vs. MUN H: 0 pts]",100.0,100.0,142,0.270366010357
Leon Osman,EVE,4.6,,Midfielder,"(ARS-A,SUN-H,WHU-A)","[Game vs. WBA A: 0 pts, Game vs. LIV H: 0 pts, Game vs. MUN H: 0 pts]",,,140,0.270366010357
Bradley Johnson,NOR,5.3,Joined Derby on 1/9,Midfielder,"(WBA-H,MCI-A,SWA-H)","[Game vs. WHU A: 0 pts, Game vs. LEI H: 0 pts, Game vs. NEW A: 0 pts]",0.0,0.0,284,0.258207791829
Gary O'Neil,NOR,4.3,,Midfielder,"(WBA-H,MCI-A,SWA-H)","[Game vs. WHU A: 1 pts, Game vs. LEI H: 0 pts, Game vs. NEW A: 1 pts]",,,290,0.258207791829
Pablo Maffeo,MCI,4.0,,Defender,"(MUN-A,NOR-H,AVL-A)","[Game vs. TOT A: 0 pts, Game vs. NEW H: 0 pts, Game vs. BOU H: 0 pts]",,,578,0.248832294023
Wayne Routledge,SWA,5.2,Calf injury - 75% chance of playing,Midfielder,"(AVL-A,ARS-H,NOR-A)","[Game vs. SOU A: 0 pts, Game vs. TOT H: 0 pts, Game vs. STK H: 0 pts]",,75.0,408,0.248699602661
Adama Traoré,AVL,5.7,,Midfielder,"(SWA-H,TOT-A,MCI-H)","[Game vs. LIV A: 1 pts, Game vs. STK H: 0 pts, Game vs. CHE A: 1 pts]",100.0,100.0,554,0.247523298454
Jordon Mutch,CRY,4.3,,Midfielder,"(LEI-A,MUN-H,LIV-A)","[Game vs. WAT A: 0 pts, Game vs. WBA H: 0 pts, Game vs. WHU H: 0 pts]",100.0,100.0,118,0.246486258462
Vlad Chiriches,TOT,4.4,Transferred to Napoli,Defender,"(BOU-A,AVL-H,ARS-A)","[Game vs. MCI H: 0 pts, Game vs. SWA A: 0 pts, Game vs. LIV H: 0 pts]",,,329,0.231432584191
Kevin Wimmer,TOT,4.7,,Defender,"(BOU-A,AVL-H,ARS-A)","[Game vs. MCI H: 0 pts, Game vs. SWA A: 0 pts, Game vs. LIV H: 0 pts]",,,335,0.231432584191
Kieran Trippier,TOT,5.1,,Defender,"(BOU-A,AVL-H,ARS-A)","[Game vs. MCI H: 0 pts, Game vs. SWA A: 0 pts, Game vs. LIV H: 0 pts]",,,334,0.231432584191
Federico Fazio,TOT,4.7,,Defender,"(BOU-A,AVL-H,ARS-A)","[Game vs. MCI H: 0 pts, Game vs. SWA A: 0 pts, Game vs. LIV H: 0 pts]",,,332,0.231432584191
Joe Allen,LIV,4.9,,Midfielder,"(SOU-H,CHE-A,CRY-H)","[Game vs. AVL H: 1 pts, Game vs. EVE A: 1 pts, Game vs. TOT A: 1 pts]",100.0,100.0,190,0.230049923702
Juan Miguel Jiménez López,SOU,5.4,,Forward,"(LIV-A,BOU-H,SUN-A)","[Game vs. SWA H: 1 pts, Game vs. CHE A: 0 pts, Game vs. LEI H: 0 pts]",,,322,0.210581122014
Abdul Rahman Baba,CHE,5.8,,Defender,"(WHU-A,LIV-H,STK-A)","[Game vs. NEW A: 0 pts, Game vs. SOU H: 0 pts, Game vs. AVL H: 6 pts]",100.0,100.0,559,0.20892302859
Mark Bunn,AVL,4.4,,Goalkeeper,"(SWA-H,TOT-A,MCI-H)","[Game vs. LIV A: 0 pts, Game vs. STK H: 0 pts, Game vs. CHE A: 0 pts]",,,488,0.206976485059
Serge Gnabry,WBA,4.7,,Midfielder,"(NOR-A,LEI-H,MUN-A)","[Game vs. EVE H: 0 pts, Game vs. CRY A: 0 pts, Game vs. SUN H: 0 pts]",100.0,100.0,22,0.206861383841
Lloyd Isgrove,SOU,4.5,,Midfielder,"(LIV-A,BOU-H,SUN-A)","[Game vs. SWA H: 0 pts, Game vs. CHE A: 0 pts, Game vs. LEI H: 0 pts]",,,598,0.206731557964
Josh Cullen,WHU,4.4,,Midfielder,"(CHE-H,WAT-A,EVE-H)","[Game vs. NOR H: 0 pts, Game vs. SUN A: 0 pts, Game vs. CRY A: 0 pts]",,,566,0.199927937437
Patrick Bamford,CRY,5.5,,Forward,"(LEI-A,MUN-H,LIV-A)","[Game vs. WAT A: 0 pts, Game vs. WBA H: 0 pts, Game vs. WHU H: 0 pts]",100.0,100.0,514,0.195013809055
Fraizer Campbell,CRY,5.4,,Forward,"(LEI-A,MUN-H,LIV-A)","[Game vs. WAT A: 1 pts, Game vs. WBA H: 0 pts, Game vs. WHU H: 0 pts]",100.0,100.0,125,0.195013809055
Phil Bardsley,STK,4.2,,Defender,"(WAT-H,NEW-A,CHE-H)","[Game vs. BOU H: 0 pts, Game vs. AVL A: 0 pts, Game vs. SWA A: 0 pts]",,,360,0.18695169653
Ryan Shawcross,STK,4.8,Lack of match fitness - 50% chance of playing,Defender,"(WAT-H,NEW-A,CHE-H)","[Game vs. BOU H: 0 pts, Game vs. AVL A: 0 pts, Game vs. SWA A: 0 pts]",50.0,50.0,355,0.18695169653
Kyle Bartley,SWA,4.4,,Defender,"(AVL-A,ARS-H,NOR-A)","[Game vs. SOU A: 0 pts, Game vs. TOT H: 0 pts, Game vs. STK H: 0 pts]",,,401,0.174250950206
Declan Rudd,NOR,4.0,,Goalkeeper,"(WBA-H,MCI-A,SWA-H)","[Game vs. WHU A: 0 pts, Game vs. LEI H: 0 pts, Game vs. NEW A: 0 pts]",,,276,0.173643151726
Jordy Clasie,SOU,5.3,,Midfielder,"(LIV-A,BOU-H,SUN-A)","[Game vs. SWA H: 0 pts, Game vs. CHE A: 0 pts, Game vs. LEI H: 1 pts]",100.0,100.0,508,0.158321184867
Diego Poyet,WHU,4.5,Joined MK Dons in season-long loan deal,Midfielder,"(CHE-H,WAT-A,EVE-H)","[Game vs. NOR H: 0 pts, Game vs. SUN A: 0 pts, Game vs. CRY A: 0 pts]",0.0,0.0,479,0.15571882716
Stewart Downing,WHU,6.0,Transferred to Middlesbrough,Midfielder,"(CHE-H,WAT-A,EVE-H)","[Game vs. NOR H: 0 pts, Game vs. SUN A: 0 pts, Game vs. CRY A: 0 pts]",,,474,0.15571882716
Morgan Amalfitano,WHU,4.7,Left club by mutual consent on 6/10 - Unknown return date,Midfielder,"(CHE-H,WAT-A,EVE-H)","[Game vs. NOR H: 0 pts, Game vs. SUN A: 0 pts, Game vs. CRY A: 0 pts]",0.0,0.0,480,0.15571882716
Martin Samuelsen,WHU,4.4,,Midfielder,"(CHE-H,WAT-A,EVE-H)","[Game vs. NOR H: 0 pts, Game vs. SUN A: 0 pts, Game vs. CRY A: 0 pts]",,,545,0.15571882716
Emmanuel Riviere,NEW,5.4,Knee injury - Unknown return date,Forward,"(SUN-A,STK-H,BOU-A)","[Game vs. CHE H: 0 pts, Game vs. MCI A: 0 pts, Game vs. NOR H: 0 pts]",0.0,0.0,274,0.155532348555
Adam Armstrong,NEW,4.4,Joined Coventry City on loan on July 25 until January 16.  - Expected back 16 Jan,Forward,"(SUN-A,STK-H,BOU-A)","[Game vs. CHE H: 0 pts, Game vs. MCI A: 0 pts, Game vs. NOR H: 0 pts]",0.0,0.0,272,0.155532348555
Adlène Guédioura,WAT,4.3,,Midfielder,"(STK-A,WHU-H,LEI-A)","[Game vs. CRY H: 0 pts, Game vs. BOU A: 1 pts, Game vs. ARS H: 0 pts]",,,122,0.144684305166
Leon Britton,SWA,4.3,,Midfielder,"(AVL-A,ARS-H,NOR-A)","[Game vs. SOU A: 1 pts, Game vs. TOT H: 0 pts, Game vs. STK H: 0 pts]",,,410,0.137588491549
Tyrone Mings,BOU,4.2,Knee injury - Unknown return date,Defender,"(TOT-H,SOU-A,NEW-H)","[Game vs. STK A: 0 pts, Game vs. WAT H: 0 pts, Game vs. MCI A: 0 pts]",0.0,0.0,62,0.125308533323
Michail Antonio,WHU,5.5,,Midfielder,"(CHE-H,WAT-A,EVE-H)","[Game vs. NOR H: 0 pts, Game vs. SUN A: 0 pts, Game vs. CRY A: 0 pts]",,,588,0.12463915998
Lewis McGugan,WAT,4.5,Transferred to Sheffield Wednesday,Midfielder,"(STK-A,WHU-H,LEI-A)","[Game vs. CRY H: 0 pts, Game vs. BOU A: 0 pts, Game vs. ARS H: 0 pts]",,,439,0.120117224069
Sean Murray,WAT,4.4,Joined Wigan until 16 Jan 2016,Midfielder,"(STK-A,WHU-H,LEI-A)","[Game vs. CRY H: 0 pts, Game vs. BOU A: 0 pts, Game vs. ARS H: 0 pts]",0.0,0.0,440,0.120117224069
Diego Fabbrini,WAT,4.5,Joined Middlesbrough on season-long loan spell. - Expected back 16 May,Midfielder,"(STK-A,WHU-H,LEI-A)","[Game vs. CRY H: 0 pts, Game vs. BOU A: 0 pts, Game vs. ARS H: 0 pts]",0.0,0.0,436,0.120117224069
Daniel Tözsér,WAT,5.0,Loan ended,Midfielder,"(STK-A,WHU-H,LEI-A)","[Game vs. CRY H: 0 pts, Game vs. BOU A: 0 pts, Game vs. ARS H: 0 pts]",,,433,0.120117224069
Lloyd Dyer,WAT,4.3,,Midfielder,"(STK-A,WHU-H,LEI-A)","[Game vs. CRY H: 0 pts, Game vs. BOU A: 0 pts, Game vs. ARS H: 0 pts]",,,438,0.120117224069
Miguel Layún,WAT,4.5,Loaned to Porto,Defender,"(STK-A,WHU-H,LEI-A)","[Game vs. CRY H: 0 pts, Game vs. BOU A: 0 pts, Game vs. ARS H: 0 pts]",,,428,0.107946017712
Jordan Rossiter,LIV,4.5,Hamstring injury - Expected back 24 Oct,Midfielder,"(SOU-H,CHE-A,CRY-H)","[Game vs. AVL H: 0 pts, Game vs. EVE A: 0 pts, Game vs. TOT A: 0 pts]",0.0,0.0,569,0.103731454708
Jesse Lingard,MUN,4.5,,Midfielder,"(MCI-H,CRY-A,WBA-H)","[Game vs. SUN H: 0 pts, Game vs. ARS A: 0 pts, Game vs. EVE A: 1 pts]",,,594,0.097078194963
Ciaran Clark,AVL,4.4,Thigh injury - Expected back 24 Oct,Defender,"(SWA-H,TOT-A,MCI-H)","[Game vs. LIV A: 0 pts, Game vs. STK H: 0 pts, Game vs. CHE A: 0 pts]",0.0,0.0,38,0.0895808095097
Raphael Spiegel,WHU,4.0,,Goalkeeper,"(CHE-H,WAT-A,EVE-H)","[Game vs. NOR H: 0 pts, Game vs. SUN A: 0 pts, Game vs. CRY A: 0 pts]",,,565,0.0797931157482
Julian Speroni,CRY,4.5,,Goalkeeper,"(LEI-A,MUN-H,LIV-A)","[Game vs. WAT A: 0 pts, Game vs. WBA H: 0 pts, Game vs. WHU H: 0 pts]",100.0,100.0,102,0.078859758635
Jason Denayer,MCI,4.3,Joined Galatasaray in season-long loan deal,Defender,"(MUN-A,NOR-H,AVL-A)","[Game vs. TOT A: 0 pts, Game vs. NEW H: 0 pts, Game vs. BOU H: 0 pts]",0.0,0.0,214,0.0754777524002
Gaël Clichy,MCI,5.3,Ankle injury - Expected back 25 Oct,Defender,"(MUN-A,NOR-H,AVL-A)","[Game vs. TOT A: 0 pts, Game vs. NEW H: 0 pts, Game vs. BOU H: 0 pts]",0.0,0.0,210,0.0754777524002
Alex Pritchard,TOT,4.9,Ankle injury - Unknown return date,Midfielder,"(BOU-A,AVL-H,ARS-A)","[Game vs. MCI H: 0 pts, Game vs. SWA A: 0 pts, Game vs. LIV H: 0 pts]",0.0,0.0,343,0.0700757961508
Jordi Amat,SWA,4.4,,Defender,"(AVL-A,ARS-H,NOR-A)","[Game vs. SOU A: 0 pts, Game vs. TOT H: 0 pts, Game vs. STK H: 0 pts]",100.0,100.0,403,0.0631398390952
Dwight Tiendalli,SWA,4.0,Left club by mutual consent on 1/9,Defender,"(AVL-A,ARS-H,NOR-A)","[Game vs. SOU A: 0 pts, Game vs. TOT H: 0 pts, Game vs. STK H: 0 pts]",0.0,0.0,402,0.0631398390952
Franck Tabanou,SWA,4.5,,Defender,"(AVL-A,ARS-H,NOR-A)","[Game vs. SOU A: 0 pts, Game vs. TOT H: 0 pts, Game vs. STK H: 0 pts]",,,405,0.0631398390952
Mathieu Flamini,ARS,4.4,,Midfielder,"(EVE-H,SWA-A,TOT-H)","[Game vs. LEI A: 1 pts, Game vs. MUN H: 0 pts, Game vs. WAT A: 0 pts]",100.0,100.0,25,0.0492431075025
Filip Djuricic,SOU,5.5,Loan ended,Midfielder,"(LIV-A,BOU-H,SUN-A)","[Game vs. SWA H: 0 pts, Game vs. CHE A: 0 pts, Game vs. LEI H: 0 pts]",,,317,0.0472100737554
Jake Hesketh,SOU,4.7,,Midfielder,"(LIV-A,BOU-H,SUN-A)","[Game vs. SWA H: 0 pts, Game vs. CHE A: 0 pts, Game vs. LEI H: 0 pts]",,,315,0.0472100737554
Eljero Elia,SOU,6.0,Loan ended,Midfielder,"(LIV-A,BOU-H,SUN-A)","[Game vs. SWA H: 0 pts, Game vs. CHE A: 0 pts, Game vs. LEI H: 0 pts]",,,316,0.0472100737554
Gastón Ramírez,SOU,5.3,,Midfielder,"(LIV-A,BOU-H,SUN-A)","[Game vs. SWA H: 0 pts, Game vs. CHE A: 0 pts, Game vs. LEI H: 0 pts]",100.0,100.0,498,0.0472100737554
Harrison Reed,SOU,4.3,,Midfielder,"(LIV-A,BOU-H,SUN-A)","[Game vs. SWA H: 0 pts, Game vs. CHE A: 0 pts, Game vs. LEI H: 0 pts]",,,312,0.0472100737554
Liam Bridcutt,SUN,4.3,,Midfielder,"(NEW-H,EVE-A,SOU-H)","[Game vs. MUN A: 0 pts, Game vs. WHU H: 0 pts, Game vs. WBA A: 0 pts]",,,387,0.0375539236732
Emanuele Giaccherini,SUN,5.3,Joined Bologna on a season-long loan deal,Midfielder,"(NEW-H,EVE-A,SOU-H)","[Game vs. MUN A: 0 pts, Game vs. WHU H: 0 pts, Game vs. WBA A: 0 pts]",0.0,0.0,388,0.0375539236732
William Buckley,SUN,4.7,Joined Leeds on loan until 2/1/16. - Expected back 09 Jan,Midfielder,"(NEW-H,EVE-A,SOU-H)","[Game vs. MUN A: 0 pts, Game vs. WHU H: 0 pts, Game vs. WBA A: 0 pts]",0.0,0.0,390,0.0375539236732
Chung-yong Lee,CRY,4.3,,Midfielder,"(LEI-A,MUN-H,LIV-A)","[Game vs. WAT A: 0 pts, Game vs. WBA H: 0 pts, Game vs. WHU H: 0 pts]",100.0,100.0,121,0.02426403624
Mile Jedinak,CRY,4.7,,Midfielder,"(LEI-A,MUN-H,LIV-A)","[Game vs. WAT A: 0 pts, Game vs. WBA H: 0 pts, Game vs. WHU H: 0 pts]",100.0,100.0,115,0.02426403624
Andre Wisdom,NOR,4.3,,Defender,"(WBA-H,MCI-A,SWA-H)","[Game vs. WHU A: 0 pts, Game vs. LEI H: 0 pts, Game vs. NEW A: 0 pts]",100.0,100.0,185,0.0238753943468
Baily Cargill,BOU,4.0,,Defender,"(TOT-H,SOU-A,NEW-H)","[Game vs. STK A: 0 pts, Game vs. WAT H: 0 pts, Game vs. MCI A: 0 pts]",,,540,0.0141974222118
Anthony Knockaert,LEI,4.5,Transferred to Standard Liege,Midfielder,"(CRY-H,WBA-A,WAT-H)","[Game vs. ARS H: 0 pts, Game vs. NOR A: 0 pts, Game vs. SOU A: 0 pts]",,,168,0.00254119022999
Dean Hammond,LEI,4.3,Signed for Sheffield United on loan until January - Expected back 02 Jan,Midfielder,"(CRY-H,WBA-A,WAT-H)","[Game vs. ARS H: 0 pts, Game vs. NOR A: 0 pts, Game vs. SOU A: 0 pts]",,0.0,167,0.00254119022999
Matthew James,LEI,4.5,Knee injury - Unknown return date,Midfielder,"(CRY-H,WBA-A,WAT-H)","[Game vs. ARS H: 0 pts, Game vs. NOR A: 0 pts, Game vs. SOU A: 0 pts]",0.0,0.0,169,0.00254119022999
Emmanuel Mayuka,SOU,4.5,Joined Metz on 31/8,Forward,"(LIV-A,BOU-H,SUN-A)","[Game vs. SWA H: 0 pts, Game vs. CHE A: 0 pts, Game vs. LEI H: 0 pts]",0.0,0.0,320,-0.0116411002085
Ruben Loftus-Cheek,CHE,4.8,,Midfielder,"(WHU-A,LIV-H,STK-A)","[Game vs. NEW A: 0 pts, Game vs. SOU H: 0 pts, Game vs. AVL H: 1 pts]",,,93,-0.0202452069447
Marouane Chamakh,CRY,4.8,Lack of match fitness - Unknown return date,Forward,"(LEI-A,MUN-H,LIV-A)","[Game vs. WAT A: 0 pts, Game vs. WBA H: 0 pts, Game vs. WHU H: 0 pts]",0.0,0.0,126,-0.0272084131668
Benjamin Stambouli,TOT,4.5,Transferred to Paris-St-Germain,Midfielder,"(BOU-A,AVL-H,ARS-A)","[Game vs. MCI H: 0 pts, Game vs. SWA A: 0 pts, Game vs. LIV H: 0 pts]",,,344,-0.0410353149603
Junior Stanislas,BOU,4.3,,Midfielder,"(TOT-H,SOU-A,NEW-H)","[Game vs. STK A: 0 pts, Game vs. WAT H: 0 pts, Game vs. MCI A: 0 pts]",,,72,-0.0426388183793
Shaun MacDonald,BOU,4.4,,Midfielder,"(TOT-H,SOU-A,NEW-H)","[Game vs. STK A: 0 pts, Game vs. WAT H: 0 pts, Game vs. MCI A: 1 pts]",100.0,100.0,71,-0.0426388183793
Marvin Emnes,SWA,4.3,,Forward,"(AVL-A,ARS-H,NOR-A)","[Game vs. SOU A: 0 pts, Game vs. TOT H: 0 pts, Game vs. STK H: 0 pts]",,,418,-0.04682255845
Phil Jones,MUN,5.2,,Defender,"(MCI-H,CRY-A,WBA-H)","[Game vs. SUN H: 1 pts, Game vs. ARS A: 0 pts, Game vs. EVE A: 6 pts]",100.0,100.0,229,-0.0589689465922
Jeff Reine-Adelaide,ARS,4.8,,Midfielder,"(EVE-H,SWA-A,TOT-H)","[Game vs. LEI A: 0 pts, Game vs. MUN H: 0 pts, Game vs. WAT A: 0 pts]",,,539,-0.0618680036086
Gedion Zelalem,ARS,4.8,Joined Rangers on loan until 3/1/16. - Expected back 09 Jan,Midfielder,"(EVE-H,SWA-A,TOT-H)","[Game vs. LEI A: 0 pts, Game vs. MUN H: 0 pts, Game vs. WAT A: 0 pts]",0.0,0.0,23,-0.0618680036086
Jack Wilshere,ARS,5.8,Ankle injury - Unknown return date,Midfielder,"(EVE-H,SWA-A,TOT-H)","[Game vs. LEI A: 0 pts, Game vs. MUN H: 0 pts, Game vs. WAT A: 0 pts]",0.0,0.0,18,-0.0618680036086
Tomas Rosicky,ARS,4.9,Knee injury - Unknown return date,Midfielder,"(EVE-H,SWA-A,TOT-H)","[Game vs. LEI A: 0 pts, Game vs. MUN H: 0 pts, Game vs. WAT A: 0 pts]",0.0,0.0,21,-0.0618680036086
Joshua Onomah,TOT,4.4,,Midfielder,"(BOU-A,AVL-H,ARS-A)","[Game vs. MCI H: 0 pts, Game vs. SWA A: 0 pts, Game vs. LIV H: 0 pts]",,,567,-0.0711514147796
Alexandre Song,WHU,4.9,Ankle injury - Expected back 31 Oct,Midfielder,"(CHE-H,WAT-A,EVE-H)","[Game vs. NOR H: 0 pts, Game vs. SUN A: 0 pts, Game vs. CRY A: 0 pts]",0.0,0.0,582,-0.0753608400199
Jay Fulton,SWA,4.4,Joined Oldham in three-month loan deal on 18/9 - Expected back 26 Dec,Midfielder,"(AVL-A,ARS-H,NOR-A)","[Game vs. SOU A: 0 pts, Game vs. TOT H: 0 pts, Game vs. STK H: 0 pts]",0.0,0.0,412,-0.0846337306728
Matt Grimes,SWA,4.3,,Midfielder,"(AVL-A,ARS-H,NOR-A)","[Game vs. SOU A: 0 pts, Game vs. TOT H: 0 pts, Game vs. STK H: 0 pts]",,,415,-0.0846337306728
Oluwaseyi Ojo,LIV,5.0,Joined Wolves in season-long loan deal,Midfielder,"(SOU-H,CHE-A,CRY-H)","[Game vs. AVL H: 0 pts, Game vs. EVE A: 0 pts, Game vs. TOT A: 0 pts]",0.0,0.0,196,-0.103283409631
Lazar Markovic,LIV,5.8,Joined Fenerbahce on season-long loan deal,Midfielder,"(SOU-H,CHE-A,CRY-H)","[Game vs. AVL H: 0 pts, Game vs. EVE A: 0 pts, Game vs. TOT A: 0 pts]",0.0,0.0,195,-0.103283409631
Tony Hibbert,EVE,3.9,Knee injury - Expected back 07 Nov,Defender,"(ARS-A,SUN-H,WHU-A)","[Game vs. WBA A: 0 pts, Game vs. LIV H: 0 pts, Game vs. MUN H: 0 pts]",0.0,0.0,135,-0.122527858381
Luke Garbutt,EVE,4.5,Joined Fulham on a season-long loan on 25/7. - Expected back 09 May,Defender,"(ARS-A,SUN-H,WHU-A)","[Game vs. WBA A: 0 pts, Game vs. LIV H: 0 pts, Game vs. MUN H: 0 pts]",0.0,0.0,133,-0.122527858381
Leighton Baines,EVE,6.2,Ankle injury - Expected back 07 Nov,Defender,"(ARS-A,SUN-H,WHU-A)","[Game vs. WBA A: 0 pts, Game vs. LIV H: 0 pts, Game vs. MUN H: 0 pts]",0.0,0.0,129,-0.122527858381
Juan Cuadrado,CHE,7.4,Joined Juventus on loan until the ends of the season,Midfielder,"(WHU-A,LIV-H,STK-A)","[Game vs. NEW A: 0 pts, Game vs. SOU H: 0 pts, Game vs. AVL H: 0 pts]",0.0,0.0,89,-0.131356318056
Adam Bogdan,LIV,4.4,,Goalkeeper,"(SOU-H,CHE-A,CRY-H)","[Game vs. AVL H: 0 pts, Game vs. EVE A: 0 pts, Game vs. TOT A: 0 pts]",,,176,-0.145526425302
Jakob Haugaard,STK,4.4,,Goalkeeper,"(WAT-H,NEW-A,CHE-H)","[Game vs. BOU H: 0 pts, Game vs. AVL A: 0 pts, Game vs. SWA A: 0 pts]",,,354,-0.151916284311
Shay Given,STK,4.4,Knee injury - 50% chance of playing,Goalkeeper,"(WAT-H,NEW-A,CHE-H)","[Game vs. BOU H: 0 pts, Game vs. AVL A: 0 pts, Game vs. SWA A: 0 pts]",50.0,50.0,31,-0.151916284311
Christian Atsu,BOU,5.1,,Midfielder,"(TOT-H,SOU-A,NEW-H)","[Game vs. STK A: 0 pts, Game vs. WAT H: 0 pts, Game vs. MCI A: 0 pts]",100.0,100.0,65,-0.15374992949
Harry Arter,BOU,4.8,Lack of match fitness - 50% chance of playing,Midfielder,"(TOT-H,SOU-A,NEW-H)","[Game vs. STK A: 0 pts, Game vs. WAT H: 0 pts, Game vs. MCI A: 0 pts]",0.0,50.0,67,-0.15374992949
Elliot Lee,WHU,4.4,,Forward,"(CHE-H,WAT-A,EVE-H)","[Game vs. NOR H: 0 pts, Game vs. SUN A: 0 pts, Game vs. CRY A: 0 pts]",,,512,-0.164901944858
Enner Valencia,WHU,5.8,,Forward,"(CHE-H,WAT-A,EVE-H)","[Game vs. NOR H: 0 pts, Game vs. SUN A: 0 pts, Game vs. CRY A: 0 pts]",0.0,100.0,484,-0.164901944858
Matthew Pennington,EVE,4.0,,Defender,"(ARS-A,SUN-H,WHU-A)","[Game vs. WBA A: 0 pts, Game vs. LIV H: 0 pts, Game vs. MUN H: 0 pts]",,,574,-0.167353736302
Willy Caballero,MCI,4.9,,Goalkeeper,"(MUN-A,NOR-H,AVL-A)","[Game vs. TOT A: 1 pts, Game vs. NEW H: 0 pts, Game vs. BOU H: 0 pts]",,,206,-0.176695796921
Jos Hooiveld,NOR,4.0,Loan ended,Defender,"(WBA-H,MCI-A,SWA-H)","[Game vs. WHU A: 0 pts, Game vs. LEI H: 0 pts, Game vs. NEW A: 0 pts]",,,282,-0.198346827875
Michael Turner,NOR,3.9,Season loan to Sheffield Wednesday,Defender,"(WBA-H,MCI-A,SWA-H)","[Game vs. WHU A: 0 pts, Game vs. LEI H: 0 pts, Game vs. NEW A: 0 pts]",,,281,-0.198346827875
Ryan Bennett,NOR,3.9,,Defender,"(WBA-H,MCI-A,SWA-H)","[Game vs. WHU A: 0 pts, Game vs. LEI H: 0 pts, Game vs. NEW A: 0 pts]",,,283,-0.198346827875
Víctor Ibarbo,WAT,5.3,,Forward,"(STK-A,WHU-H,LEI-A)","[Game vs. CRY H: 1 pts, Game vs. BOU A: 1 pts, Game vs. ARS H: 1 pts]",100.0,100.0,590,-0.198993418188
Nathan Aké,WAT,4.4,,Defender,"(STK-A,WHU-H,LEI-A)","[Game vs. CRY H: 1 pts, Game vs. BOU A: 2 pts, Game vs. ARS H: 1 pts]",,,84,-0.208206033066
Adrian Mariappa,CRY,3.9,,Defender,"(LEI-A,MUN-H,LIV-A)","[Game vs. WAT A: 0 pts, Game vs. WBA H: 0 pts, Game vs. WHU H: 0 pts]",,,106,-0.21390326166
Ezekiel Fryers,CRY,4.0,Not in 25 man squad,Defender,"(LEI-A,MUN-H,LIV-A)","[Game vs. WAT A: 0 pts, Game vs. WBA H: 0 pts, Game vs. WHU H: 0 pts]",100.0,100.0,110,-0.21390326166
João Carlos Vilaça Teixeira,LIV,4.5,,Midfielder,"(SOU-H,CHE-A,CRY-H)","[Game vs. AVL H: 0 pts, Game vs. EVE A: 0 pts, Game vs. TOT A: 0 pts]",,,593,-0.218455765756
Andreas Pereira,MUN,4.7,,Midfielder,"(MCI-H,CRY-A,WBA-H)","[Game vs. SUN H: 0 pts, Game vs. ARS A: 0 pts, Game vs. EVE A: 0 pts]",100.0,100.0,247,-0.239856437898
Ángel Di María,MUN,8.5,Transferred to Paris Saint-Germain,Midfielder,"(MCI-H,CRY-A,WBA-H)","[Game vs. SUN H: 0 pts, Game vs. ARS A: 0 pts, Game vs. EVE A: 0 pts]",50.0,50.0,245,-0.239856437898
Jose Pozo,MCI,4.8,Transferred to UD Almeria on 31 August,Forward,"(MUN-A,NOR-H,AVL-A)","[Game vs. TOT A: 0 pts, Game vs. NEW H: 0 pts, Game vs. BOU H: 0 pts]",,,225,-0.241838477628
Stevan Jovetic,MCI,7.0,Signed for Inter Milan in 18-month loan deal with a view to a permanent move,Forward,"(MUN-A,NOR-H,AVL-A)","[Game vs. TOT A: 0 pts, Game vs. NEW H: 0 pts, Game vs. BOU H: 0 pts]",0.0,0.0,223,-0.241838477628
Edin Dzeko,MCI,7.5,"Joined AS Roma in season-long loan deal on 12/8, with view to a permanent move",Forward,"(MUN-A,NOR-H,AVL-A)","[Game vs. TOT A: 0 pts, Game vs. NEW H: 0 pts, Game vs. BOU H: 0 pts]",0.0,0.0,221,-0.241838477628
Nathan Allan de Souza,CHE,5.0,Joined Vitesse Arnhem on loan for the season,Midfielder,"(WHU-A,LIV-H,STK-A)","[Game vs. NEW A: 0 pts, Game vs. SOU H: 0 pts, Game vs. AVL H: 0 pts]",0.0,0.0,97,-0.242467429167
Isaiah Brown,CHE,4.5,Joined Vitesse Arnhem on loan for the season,Midfielder,"(WHU-A,LIV-H,STK-A)","[Game vs. NEW A: 0 pts, Game vs. SOU H: 0 pts, Game vs. AVL H: 0 pts]",0.0,0.0,95,-0.242467429167
Jordan Ayew,AVL,5.5,,Forward,"(SWA-H,TOT-A,MCI-H)","[Game vs. LIV A: 0 pts, Game vs. STK H: 1 pts, Game vs. CHE A: 1 pts]",,,523,-0.278681703037
Elliott Bennett,NOR,4.3,Joined Bristol City on loan until January. - Expected back 02 Jan,Midfielder,"(WBA-H,MCI-A,SWA-H)","[Game vs. WHU A: 0 pts, Game vs. LEI H: 0 pts, Game vs. NEW A: 0 pts]",0.0,0.0,291,-0.297347763727
Youssouf Mulumbu,NOR,4.4,Foot injury - Unknown return date,Midfielder,"(WBA-H,MCI-A,SWA-H)","[Game vs. WHU A: 0 pts, Game vs. LEI H: 0 pts, Game vs. NEW A: 0 pts]",0.0,0.0,292,-0.297347763727
Vadis Odjidja-Ofoe,NOR,4.9,Joined Rotherham in one-month loan deal on 1/9. - Expected back 03 Oct,Midfielder,"(WBA-H,MCI-A,SWA-H)","[Game vs. WHU A: 0 pts, Game vs. LEI H: 0 pts, Game vs. NEW A: 0 pts]",0.0,0.0,543,-0.297347763727
Tony Andreu,NOR,4.3,Joined Rotherham until 2/1/16 - Expected back 09 Jan,Midfielder,"(WBA-H,MCI-A,SWA-H)","[Game vs. WHU A: 0 pts, Game vs. LEI H: 0 pts, Game vs. NEW A: 0 pts]",0.0,0.0,507,-0.297347763727
Barry Bannan,CRY,4.4,Joined Sheffield Wednesday on 31/8,Midfielder,"(LEI-A,MUN-H,LIV-A)","[Game vs. WAT A: 0 pts, Game vs. WBA H: 0 pts, Game vs. WHU H: 0 pts]",0.0,0.0,119,-0.309069297093
Jonathan Williams,CRY,4.4,"Joined Nottingham Forest on loan until January 16, 2016. - Expected back 16 Jan",Midfielder,"(LEI-A,MUN-H,LIV-A)","[Game vs. WAT A: 0 pts, Game vs. WBA H: 0 pts, Game vs. WHU H: 0 pts]",0.0,0.0,120,-0.309069297093
Conor McAleny,EVE,4.4,Signed for Charlton on loan until 7/11. - Expected back 14 Nov,Forward,"(ARS-A,SUN-H,WHU-A)","[Game vs. WBA A: 0 pts, Game vs. LIV H: 0 pts, Game vs. MUN H: 0 pts]",0.0,0.0,547,-0.315796161554
Andrej Kramaric,LEI,5.5,,Forward,"(CRY-H,WBA-A,WAT-H)","[Game vs. ARS H: 1 pts, Game vs. NOR A: 0 pts, Game vs. SOU A: 0 pts]",,,172,-0.31621953788
Javier Manquillo,LIV,4.5,Loan ended,Defender,"(SOU-H,CHE-A,CRY-H)","[Game vs. AVL H: 0 pts, Game vs. EVE A: 0 pts, Game vs. TOT A: 0 pts]",,,183,-0.337861434353
José Enrique Sanchez Diaz,LIV,4.3,,Defender,"(SOU-H,CHE-A,CRY-H)","[Game vs. AVL H: 0 pts, Game vs. EVE A: 0 pts, Game vs. TOT A: 0 pts]",,,178,-0.337861434353
Jon Flanagan,LIV,4.5,Knee injury - Unknown return date,Defender,"(SOU-H,CHE-A,CRY-H)","[Game vs. AVL H: 0 pts, Game vs. EVE A: 0 pts, Game vs. TOT A: 0 pts]",0.0,0.0,494,-0.337861434353
Kolo Touré,LIV,4.4,,Defender,"(SOU-H,CHE-A,CRY-H)","[Game vs. AVL H: 0 pts, Game vs. EVE A: 0 pts, Game vs. TOT A: 0 pts]",100.0,100.0,179,-0.337861434353
Filipe Luis Kasmirski,CHE,5.5,Transferred to Atletico Madrid,Defender,"(WHU-A,LIV-H,STK-A)","[Game vs. NEW A: 0 pts, Game vs. SOU H: 0 pts, Game vs. AVL H: 0 pts]",,,83,-0.341076279841
Andreas Christensen,CHE,4.5,Joined Borussia MGladbach on season-long loan deal,Defender,"(WHU-A,LIV-H,STK-A)","[Game vs. NEW A: 0 pts, Game vs. SOU H: 0 pts, Game vs. AVL H: 0 pts]",0.0,0.0,85,-0.341076279841
Kristoffer Nordfeldt,SWA,4.4,,Goalkeeper,"(AVL-A,ARS-H,NOR-A)","[Game vs. SOU A: 0 pts, Game vs. TOT H: 0 pts, Game vs. STK H: 0 pts]",,,396,-0.343362463587
Gary Gardner,AVL,4.5,Lack of match fitness - Unknown return date,Midfielder,"(SWA-H,TOT-A,MCI-H)","[Game vs. LIV A: 0 pts, Game vs. STK H: 0 pts, Game vs. CHE A: 0 pts]",0.0,0.0,591,-0.355172174388
Bertrand Traore,CHE,5.5,,Midfielder,"(WHU-A,LIV-H,STK-A)","[Game vs. NEW A: 0 pts, Game vs. SOU H: 0 pts, Game vs. AVL H: 0 pts]",,,568,-0.358350309331
James Wilson,MUN,4.7,,Forward,"(MCI-H,CRY-A,WBA-H)","[Game vs. SUN H: 0 pts, Game vs. ARS A: 1 pts, Game vs. EVE A: 0 pts]",,,251,-0.387412644134
Javier Hernández,MUN,6.0,Moved to Bayer Leverkusen on 31/8,Forward,"(MCI-H,CRY-A,WBA-H)","[Game vs. SUN H: 0 pts, Game vs. ARS A: 0 pts, Game vs. EVE A: 0 pts]",0.0,0.0,249,-0.387412644134
Joe Bennett,BOU,4.0,,Defender,"(TOT-H,SOU-A,NEW-H)","[Game vs. STK A: 0 pts, Game vs. WAT H: 0 pts, Game vs. MCI A: 0 pts]",,,576,-0.400045835011
Fernando Forestieri,WAT,4.4,Joined Sheffield Wednesday on 29/8,Forward,"(STK-A,WHU-H,LEI-A)","[Game vs. CRY H: 0 pts, Game vs. BOU A: 0 pts, Game vs. ARS H: 0 pts]",0.0,0.0,444,-0.40060536517
Matej Vydra,WAT,4.8,Loaned to Reading,Forward,"(STK-A,WHU-H,LEI-A)","[Game vs. CRY H: 0 pts, Game vs. BOU A: 0 pts, Game vs. ARS H: 0 pts]",,,443,-0.40060536517
David Nugent,LEI,5.5,Joined Middlesbrough on 14/8,Forward,"(CRY-H,WBA-A,WAT-H)","[Game vs. ARS H: 0 pts, Game vs. NOR A: 0 pts, Game vs. SOU A: 0 pts]",0.0,0.0,173,-0.427330648991
Tom Lawrence,LEI,4.4,Joined Blackburn on loan until January. - Expected back 02 Jan,Forward,"(CRY-H,WBA-A,WAT-H)","[Game vs. ARS H: 0 pts, Game vs. NOR A: 0 pts, Game vs. SOU A: 0 pts]",0.0,0.0,541,-0.427330648991
Robert Kenedy Nunes do Nascimento,CHE,5.4,,Forward,"(WHU-A,LIV-H,STK-A)","[Game vs. NEW A: 0 pts, Game vs. SOU H: 0 pts, Game vs. AVL H: 0 pts]",100.0,100.0,573,-0.432063050256
José Ángel Crespo,AVL,4.4,,Defender,"(SWA-H,TOT-A,MCI-H)","[Game vs. LIV A: 0 pts, Game vs. STK H: 2 pts, Game vs. CHE A: 0 pts]",100.0,100.0,522,-0.465974746046
Tiago Ilori,AVL,4.4,,Defender,"(SWA-H,TOT-A,MCI-H)","[Game vs. LIV A: 0 pts, Game vs. STK H: 0 pts, Game vs. CHE A: 0 pts]",100.0,100.0,181,-0.483364267179
Dominic Solanke,CHE,5.0,Joined Vitesse Arnhem on season-long loan deal,Forward,"(WHU-A,LIV-H,STK-A)","[Game vs. NEW A: 0 pts, Game vs. SOU H: 0 pts, Game vs. AVL H: 0 pts]",0.0,0.0,100,-0.487492063444
Robin van Persie,MUN,9.5,Transferred to Fenerbahce,Forward,"(MCI-H,CRY-A,WBA-H)","[Game vs. SUN H: 0 pts, Game vs. ARS A: 0 pts, Game vs. EVE A: 0 pts]",,,248,-0.498523755245
Jamal Blackman,CHE,4.5,,Goalkeeper,"(WHU-A,LIV-H,STK-A)","[Game vs. NEW A: 0 pts, Game vs. SOU H: 0 pts, Game vs. AVL H: 0 pts]",,,557,-0.499188514357
Charles N'Zogbia,AVL,4.6,,Midfielder,"(SWA-H,TOT-A,MCI-H)","[Game vs. LIV A: 0 pts, Game vs. STK H: 0 pts, Game vs. CHE A: 0 pts]",,,45,-0.502817659215
Joe Cole,AVL,4.8,Joined Coventry in 35-day loan deal on 16/10. - Expected back 21 Nov,Midfielder,"(SWA-H,TOT-A,MCI-H)","[Game vs. LIV A: 0 pts, Game vs. STK H: 0 pts, Game vs. CHE A: 0 pts]",0.0,0.0,46,-0.502817659215
Leandro Rodríguez,EVE,4.5,,Forward,"(ARS-A,SUN-H,WHU-A)","[Game vs. WBA A: 0 pts, Game vs. LIV H: 0 pts, Game vs. MUN H: 0 pts]",,,592,-0.524740776106
Joseph Dodoo,LEI,4.5,,Forward,"(CRY-H,WBA-A,WAT-H)","[Game vs. ARS H: 0 pts, Game vs. NOR A: 0 pts, Game vs. SOU A: 0 pts]",,,575,-0.533032534565
Lewis Grabban,NOR,4.5,Ankle injury - 75% chance of playing,Forward,"(WBA-H,MCI-A,SWA-H)","[Game vs. WHU A: 0 pts, Game vs. LEI H: 0 pts, Game vs. NEW A: 0 pts]",75.0,75.0,295,-0.535404489187
Kieran Richardson,AVL,4.3,,Defender,"(SWA-H,TOT-A,MCI-H)","[Game vs. LIV A: 0 pts, Game vs. STK H: 0 pts, Game vs. CHE A: 0 pts]",,,33,-0.577085857157
Gary Hooper,NOR,4.3,Ankle injury - 50% chance of playing,Forward,"(WBA-H,MCI-A,SWA-H)","[Game vs. WHU A: 0 pts, Game vs. LEI H: 0 pts, Game vs. NEW A: 0 pts]",50.0,50.0,296,-0.646515600298
Sam Johnstone,MUN,4.4,,Goalkeeper,"(MCI-H,CRY-A,WBA-H)","[Game vs. SUN H: 0 pts, Game vs. ARS A: 0 pts, Game vs. EVE A: 0 pts]",,,546,-0.651916284311
Víctor Valdés,MUN,4.8,,Goalkeeper,"(MCI-H,CRY-A,WBA-H)","[Game vs. SUN H: 0 pts, Game vs. ARS A: 0 pts, Game vs. EVE A: 0 pts]",,,227,-0.651916284311
José Holebas,WAT,4.2,,Defender,"(STK-A,WHU-H,LEI-A)","[Game vs. CRY H: 0 pts, Game vs. BOU A: 0 pts, Game vs. ARS H: 0 pts]",,,492,-0.669831760066
Juan Carlos Paredes,WAT,4.3,,Defender,"(STK-A,WHU-H,LEI-A)","[Game vs. CRY H: 0 pts, Game vs. BOU A: 1 pts, Game vs. ARS H: 1 pts]",50.0,100.0,427,-0.669831760066
Papy Djilobodji,CHE,4.9,,Defender,"(WHU-A,LIV-H,STK-A)","[Game vs. NEW A: 0 pts, Game vs. SOU H: 0 pts, Game vs. AVL H: 0 pts]",,,585,-0.672692289669
Philippe Senderos,AVL,4.0,Not in 25 man squad,Defender,"(SWA-H,TOT-A,MCI-H)","[Game vs. LIV A: 0 pts, Game vs. STK H: 0 pts, Game vs. CHE A: 0 pts]",100.0,100.0,35,-0.688196968268
Jores Okore,AVL,4.4,Lack of match fitness - Expected back 24 Oct,Defender,"(SWA-H,TOT-A,MCI-H)","[Game vs. LIV A: 0 pts, Game vs. STK H: 0 pts, Game vs. CHE A: 0 pts]",0.0,0.0,39,-0.688196968268
Nathan Baker,AVL,4.0,Joined Bristol City in season-long loan deal,Defender,"(SWA-H,TOT-A,MCI-H)","[Game vs. LIV A: 0 pts, Game vs. STK H: 0 pts, Game vs. CHE A: 0 pts]",0.0,0.0,40,-0.688196968268
Lewis Kinsella,AVL,3.9,,Defender,"(SWA-H,TOT-A,MCI-H)","[Game vs. LIV A: 0 pts, Game vs. STK H: 0 pts, Game vs. CHE A: 0 pts]",,,41,-0.688196968268
Ron Vlaar,AVL,4.5,Contract expired,Defender,"(SWA-H,TOT-A,MCI-H)","[Game vs. LIV A: 0 pts, Game vs. STK H: 0 pts, Game vs. CHE A: 0 pts]",,,34,-0.688196968268
Aly Cissokho,AVL,4.5,Loaned to Porto,Defender,"(SWA-H,TOT-A,MCI-H)","[Game vs. LIV A: 0 pts, Game vs. STK H: 0 pts, Game vs. CHE A: 0 pts]",,,36,-0.688196968268
Joel Robles,EVE,4.4,,Goalkeeper,"(ARS-A,SUN-H,WHU-A)","[Game vs. WBA A: 0 pts, Game vs. LIV H: 0 pts, Game vs. MUN H: 0 pts]",,,128,-0.694196767041
Patrick McNair,MUN,4.7,Abdominal injury - Expected back 24 Oct,Defender,"(MCI-H,CRY-A,WBA-H)","[Game vs. SUN H: 0 pts, Game vs. ARS A: 0 pts, Game vs. EVE A: 0 pts]",0.0,0.0,236,-0.725635613259
Ben Foster,WBA,4.9,Knee injury - Unknown return date,Goalkeeper,"(NOR-A,LEI-H,MUN-A)","[Game vs. EVE H: 0 pts, Game vs. CRY A: 0 pts, Game vs. SUN H: 0 pts]",0.0,0.0,446,-0.754473574698
Jack Rose,WBA,4.0,,Goalkeeper,"(NOR-A,LEI-H,MUN-A)","[Game vs. EVE H: 0 pts, Game vs. CRY A: 0 pts, Game vs. SUN H: 0 pts]",,,550,-0.754473574698
Kyle Lafferty,NOR,4.5,,Forward,"(WBA-H,MCI-A,SWA-H)","[Game vs. WHU A: 0 pts, Game vs. LEI H: 1 pts, Game vs. NEW A: 0 pts]",100.0,100.0,297,-0.757626711409
Mamadou Obbi Oularé,WAT,5.5,,Forward,"(STK-A,WHU-H,LEI-A)","[Game vs. CRY H: 0 pts, Game vs. BOU A: 0 pts, Game vs. ARS H: 0 pts]",100.0,100.0,587,-0.798993418188
James Chester,WBA,4.8,,Defender,"(NOR-A,LEI-H,MUN-A)","[Game vs. EVE H: 1 pts, Game vs. CRY A: 0 pts, Game vs. SUN H: 0 pts]",100.0,100.0,529,-0.804240377215
Libor Kozák,AVL,4.6,,Forward,"(SWA-H,TOT-A,MCI-H)","[Game vs. LIV A: 0 pts, Game vs. STK H: 0 pts, Game vs. CHE A: 0 pts]",100.0,100.0,53,-0.834237258593
Rushian Hepburn-Murphy,AVL,4.3,,Forward,"(SWA-H,TOT-A,MCI-H)","[Game vs. LIV A: 0 pts, Game vs. STK H: 0 pts, Game vs. CHE A: 0 pts]",,,54,-0.834237258593
Tyler Blackett,MUN,4.4,Joined Celtic on a season-long loan on 28/8,Defender,"(MCI-H,CRY-A,WBA-H)","[Game vs. SUN H: 0 pts, Game vs. ARS A: 0 pts, Game vs. EVE A: 0 pts]",0.0,0.0,234,-0.83674672437
Rafael Pereira da Silva,MUN,5.0,Transferred to Lyon,Defender,"(MCI-H,CRY-A,WBA-H)","[Game vs. SUN H: 0 pts, Game vs. ARS A: 0 pts, Game vs. EVE A: 0 pts]",,,230,-0.83674672437
Guillermo Varela,MUN,4.2,,Defender,"(MCI-H,CRY-A,WBA-H)","[Game vs. SUN H: 0 pts, Game vs. ARS A: 0 pts, Game vs. EVE A: 0 pts]",,,232,-0.83674672437
Essaïd Belkalem,WAT,4.0,,Defender,"(STK-A,WHU-H,LEI-A)","[Game vs. CRY H: 0 pts, Game vs. BOU A: 0 pts, Game vs. ARS H: 0 pts]",,,599,-0.845518133604
Ricky van Wolfswinkel,NOR,4.7,Loaned to Real Betis,Forward,"(WBA-H,MCI-A,SWA-H)","[Game vs. WHU A: 0 pts, Game vs. LEI H: 0 pts, Game vs. NEW A: 0 pts]",,,294,-0.86873782252
Joel Ekstrand,WAT,4.0,Knee injury - Unknown return date,Defender,"(STK-A,WHU-H,LEI-A)","[Game vs. CRY H: 0 pts, Game vs. BOU A: 0 pts, Game vs. ARS H: 0 pts]",0.0,0.0,429,-0.892053982288
Gabriele Angella,WAT,4.3,Joined QPR in season-long loan deal,Defender,"(STK-A,WHU-H,LEI-A)","[Game vs. CRY H: 0 pts, Game vs. BOU A: 0 pts, Game vs. ARS H: 0 pts]",0.0,0.0,424,-0.892053982288
Miguel Britos,WAT,4.5,,Defender,"(STK-A,WHU-H,LEI-A)","[Game vs. CRY H: 0 pts, Game vs. BOU A: 0 pts, Game vs. ARS H: 0 pts]",100.0,100.0,519,-0.892053982288
Lloyd Doyley,WAT,4.0,Out of contract,Defender,"(STK-A,WHU-H,LEI-A)","[Game vs. CRY H: 0 pts, Game vs. BOU A: 0 pts, Game vs. ARS H: 0 pts]",0.0,0.0,432,-0.892053982288
Tommy Hoban,WAT,3.9,,Defender,"(STK-A,WHU-H,LEI-A)","[Game vs. CRY H: 0 pts, Game vs. BOU A: 0 pts, Game vs. ARS H: 0 pts]",,,431,-0.892053982288
Daniel Pudil,WAT,4.0,Loaned to Sheffield Wednesday,Defender,"(STK-A,WHU-H,LEI-A)","[Game vs. CRY H: 0 pts, Game vs. BOU A: 0 pts, Game vs. ARS H: 0 pts]",,,430,-0.892053982288
Danny Welbeck,ARS,7.4,Knee injury - Unknown return date,Forward,"(EVE-H,SWA-A,TOT-H)","[Game vs. LEI A: 0 pts, Game vs. MUN H: 0 pts, Game vs. WAT A: 0 pts]",0.0,0.0,27,-0.906158606349
Chuba Akpom,ARS,5.0,Joined Hull City in season-long loan deal,Forward,"(EVE-H,SWA-A,TOT-H)","[Game vs. LEI A: 0 pts, Game vs. MUN H: 0 pts, Game vs. WAT A: 0 pts]",0.0,0.0,28,-0.906158606349
Yaya Sanogo,ARS,5.0,Joined Ajax in season-long loan deal. - Expected back 16 May,Forward,"(EVE-H,SWA-A,TOT-H)","[Game vs. LEI A: 0 pts, Game vs. MUN H: 0 pts, Game vs. WAT A: 0 pts]",0.0,0.0,29,-0.906158606349
Sébastien Pocognoli,WBA,4.3,,Defender,"(NOR-A,LEI-H,MUN-A)","[Game vs. EVE H: 0 pts, Game vs. CRY A: 0 pts, Game vs. SUN H: 0 pts]",,,450,-0.915351488326
Cristian Gamboa,WBA,3.9,,Defender,"(NOR-A,LEI-H,MUN-A)","[Game vs. EVE H: 0 pts, Game vs. CRY A: 0 pts, Game vs. SUN H: 0 pts]",,,451,-0.915351488326
Anders Lindegaard,WBA,4.5,,Goalkeeper,"(NOR-A,LEI-H,MUN-A)","[Game vs. EVE H: 0 pts, Game vs. CRY A: 0 pts, Game vs. SUN H: 0 pts]",100.0,100.0,504,-1.02753010037
Joel Campbell,ARS,5.0,,Forward,"(EVE-H,SWA-A,TOT-H)","[Game vs. LEI A: 0 pts, Game vs. MUN H: 0 pts, Game vs. WAT A: 0 pts]",,,572,-1.15341782504
Rene Gilmartin,WAT,4.0,,Goalkeeper,"(STK-A,WHU-H,LEI-A)","[Game vs. CRY H: 0 pts, Game vs. BOU A: 0 pts, Game vs. ARS H: 0 pts]",,,548,-1.31641898926
Giedrius Arlauskis,WAT,4.5,,Goalkeeper,"(STK-A,WHU-H,LEI-A)","[Game vs. CRY H: 0 pts, Game vs. BOU A: 0 pts, Game vs. ARS H: 0 pts]",100.0,100.0,423,-1.31641898926
Jonathan Bond,WAT,4.0,Transferred to Reading,Goalkeeper,"(STK-A,WHU-H,LEI-A)","[Game vs. CRY H: 0 pts, Game vs. BOU A: 0 pts, Game vs. ARS H: 0 pts]",,,422,-1.31641898926
